<?xml version='1.0' encoding='utf-8'?><ns:HCDSExtract xmlns:xsi="http://www.w3.org/2001/XMLSchema-instance" xmlns:ns="http://Improvement.nhs.uk/HealthcareCostingDataSet/v1.12-2122">
  <ns:MessageHeader>
    <ns:OrgSubmittingID>BRK01</ns:OrgSubmittingID>
    <ns:FinYr>FY2021-22</ns:FinYr>
    <ns:PeriodStartDate>2022-10-01</ns:PeriodStartDate>
    <ns:PeriodEndDate>2022-10-31</ns:PeriodEndDate>
    <ns:CreateDateTime>2022-10-20T14:00:00</ns:CreateDateTime>
    <ns:FeedType>APC</ns:FeedType>
    <ns:NoOfActivityRecords>11</ns:NoOfActivityRecords>
    <ns:TotalCosts>31174.59</ns:TotalCosts>
  </ns:MessageHeader>
  <ns:MessageBody>
    <ns:Activity>
      <ns:OrgId>BRK01</ns:OrgId>
      <ns:PLEMI>A</ns:PLEMI>
      <ns:CDSID>A</ns:CDSID>
      <ns:NHSNo>9999999999</ns:NHSNo>
      <ns:NhsSt>01</ns:NhsSt>
      <ns:Postcd>AB44 5TS</ns:Postcd>
      <ns:DoB>1899-12-31</ns:DoB>
      <ns:Gendr>1</ns:Gendr>
      <ns:PathId>A</ns:PathId>
      <ns:PatOrgId>X265</ns:PatOrgId>
      <ns:Pod>RP</ns:Pod>
      <ns:HSpellNo>A</ns:HSpellNo>
      <ns:EpiNo>01</ns:EpiNo>
      <ns:EpStDte>2021-04-01</ns:EpStDte>
      <ns:EpEnDte>2021-04-01</ns:EpEnDte>
      <ns:EpType>1</ns:EpType>
      <ns:Tfc>100</ns:Tfc>
      <ns:CFBand>0</ns:CFBand>
      <ns:PartCost>01</ns:PartCost>
      <ns:EpGro>01</ns:EpGro>
      <ns:HrgFce>AA22C</ns:HrgFce>
      <ns:HrgSpl>AA22C</ns:HrgSpl>
      <ns:Alos>0</ns:Alos>
      <ns:CstActivity>
        <ns:ActCstID>COM004</ns:ActCstID>
        <ns:ActCnt>4037</ns:ActCnt>
        <ns:Resource>
          <ns:ResCstID>CSC008</ns:ResCstID>
          <ns:TotCst>926.13</ns:TotCst>
        </ns:Resource>
        <ns:Resource>
          <ns:ResCstID>CPF001</ns:ResCstID>
          <ns:TotCst>467.37</ns:TotCst>
        </ns:Resource>
        <ns:Resource>
          <ns:ResCstID>CSC004</ns:ResCstID>
          <ns:TotCst>396.86</ns:TotCst>
        </ns:Resource>
        <ns:Resource>
          <ns:ResCstID>CSC008</ns:ResCstID>
          <ns:TotCst>906.94</ns:TotCst>
        </ns:Resource>
      </ns:CstActivity>
      <ns:CstActivity>
        <ns:ActCstID>COM001</ns:ActCstID>
        <ns:ActCnt>1453</ns:ActCnt>
        <ns:Resource>
          <ns:ResCstID>CPF023</ns:ResCstID>
          <ns:TotCst>910.33</ns:TotCst>
        </ns:Resource>
        <ns:Resource>
          <ns:ResCstID>CPF032</ns:ResCstID>
          <ns:TotCst>689.78</ns:TotCst>
        </ns:Resource>
        <ns:Resource>
          <ns:ResCstID>CSC005</ns:ResCstID>
          <ns:TotCst>251.24</ns:TotCst>
        </ns:Resource>
        <ns:Resource>
          <ns:ResCstID>CPF001</ns:ResCstID>
          <ns:TotCst>228.81</ns:TotCst>
        </ns:Resource>
      </ns:CstActivity>
    </ns:Activity>
    <ns:Activity>
      <ns:OrgId>BRK01</ns:OrgId>
      <ns:PLEMI>ABC</ns:PLEMI>
      <ns:CDSID>AB123</ns:CDSID>
      <ns:NHSNo>9999999999</ns:NHSNo>
      <ns:NhsSt>02</ns:NhsSt>
      <ns:Postcd>9999 999</ns:Postcd>
      <ns:DoB>1899-12-31</ns:DoB>
      <ns:Gendr>2</ns:Gendr>
      <ns:PathId>A</ns:PathId>
      <ns:PatOrgId>X168</ns:PatOrgId>
      <ns:Pod>DC</ns:Pod>
      <ns:HSpellNo>A</ns:HSpellNo>
      <ns:EpiNo>05</ns:EpiNo>
      <ns:EpStDte>2021-07-20</ns:EpStDte>
      <ns:EpEnDte>2021-07-20</ns:EpEnDte>
      <ns:EpType>2</ns:EpType>
      <ns:Tfc>201</ns:Tfc>
      <ns:CFBand>1A</ns:CFBand>
      <ns:PartCost>02</ns:PartCost>
      <ns:EpGro>02</ns:EpGro>
      <ns:HrgFce>BZ44A</ns:HrgFce>
      <ns:HrgSpl>BZ44A</ns:HrgSpl>
      <ns:Alos>1</ns:Alos>
      <ns:CstActivity>
        <ns:ActCstID>ODT002</ns:ActCstID>
        <ns:ActCnt>5589</ns:ActCnt>
        <ns:Resource>
          <ns:ResCstID>CPF017</ns:ResCstID>
          <ns:TotCst>524.71</ns:TotCst>
        </ns:Resource>
      </ns:CstActivity>
      <ns:CstActivity>
        <ns:ActCstID>PAT008</ns:ActCstID>
        <ns:ActCnt>1482</ns:ActCnt>
        <ns:Resource>
          <ns:ResCstID>CPF030</ns:ResCstID>
          <ns:TotCst>650.27</ns:TotCst>
        </ns:Resource>
        <ns:Resource>
          <ns:ResCstID>CPF010</ns:ResCstID>
          <ns:TotCst>85.65</ns:TotCst>
        </ns:Resource>
        <ns:Resource>
          <ns:ResCstID>CPF001</ns:ResCstID>
          <ns:TotCst>130.16</ns:TotCst>
        </ns:Resource>
      </ns:CstActivity>
    </ns:Activity>
    <ns:Activity>
      <ns:OrgId>BRK01</ns:OrgId>
      <ns:PLEMI>ABD123</ns:PLEMI>
      <ns:CDSID>ABC45678901234567890123456789012345</ns:CDSID>
      <ns:NHSNo>9999999999</ns:NHSNo>
      <ns:NhsSt>03</ns:NhsSt>
      <ns:Postcd>AB44 5TS</ns:Postcd>
      <ns:DoB>1899-12-31</ns:DoB>
      <ns:Gendr>9</ns:Gendr>
      <ns:PathId>A</ns:PathId>
      <ns:PatOrgId>X71</ns:PatOrgId>
      <ns:Pod>EL</ns:Pod>
      <ns:HSpellNo>A</ns:HSpellNo>
      <ns:EpiNo>10</ns:EpiNo>
      <ns:EpStDte>2022-03-31</ns:EpStDte>
      <ns:EpEnDte>2022-03-31</ns:EpEnDte>
      <ns:EpType>3</ns:EpType>
      <ns:Tfc>301</ns:Tfc>
      <ns:CFBand>1</ns:CFBand>
      <ns:PartCost>02</ns:PartCost>
      <ns:EpGro>03</ns:EpGro>
      <ns:HrgFce>EY15A</ns:HrgFce>
      <ns:HrgSpl>EY15A</ns:HrgSpl>
      <ns:Alos>10</ns:Alos>
      <ns:CstActivity>
        <ns:ActCstID>ODT005</ns:ActCstID>
        <ns:ActCnt>2762</ns:ActCnt>
        <ns:Resource>
          <ns:ResCstID>CSC005</ns:ResCstID>
          <ns:TotCst>473.33</ns:TotCst>
        </ns:Resource>
        <ns:Resource>
          <ns:ResCstID>CSC005</ns:ResCstID>
          <ns:TotCst>200.24</ns:TotCst>
        </ns:Resource>
      </ns:CstActivity>
      <ns:CstActivity>
        <ns:ActCstID>EMC001</ns:ActCstID>
        <ns:ActCnt>3736</ns:ActCnt>
        <ns:Resource>
          <ns:ResCstID>CSC005</ns:ResCstID>
          <ns:TotCst>48.09</ns:TotCst>
        </ns:Resource>
        <ns:Resource>
          <ns:ResCstID>CSC006</ns:ResCstID>
          <ns:TotCst>173.10</ns:TotCst>
        </ns:Resource>
        <ns:Resource>
          <ns:ResCstID>CPF030</ns:ResCstID>
          <ns:TotCst>358.26</ns:TotCst>
        </ns:Resource>
        <ns:Resource>
          <ns:ResCstID>CPF029</ns:ResCstID>
          <ns:TotCst>227.86</ns:TotCst>
        </ns:Resource>
      </ns:CstActivity>
    </ns:Activity>
    <ns:Activity>
      <ns:OrgId>BRK01</ns:OrgId>
      <ns:PLEMI>ABD124</ns:PLEMI>
      <ns:CDSID>CDS1234567889</ns:CDSID>
      <ns:NHSNo>9999999999</ns:NHSNo>
      <ns:NhsSt>04</ns:NhsSt>
      <ns:Postcd>AB44 5TS</ns:Postcd>
      <ns:DoB>1899-12-31</ns:DoB>
      <ns:Gendr>2</ns:Gendr>
      <ns:PathId>A</ns:PathId>
      <ns:PatOrgId>X26</ns:PatOrgId>
      <ns:Pod>NES</ns:Pod>
      <ns:HSpellNo>A</ns:HSpellNo>
      <ns:EpiNo>01</ns:EpiNo>
      <ns:EpStDte>2021-07-20</ns:EpStDte>
      <ns:EpEnDte>2021-07-20</ns:EpEnDte>
      <ns:EpType>4</ns:EpType>
      <ns:Tfc>401</ns:Tfc>
      <ns:CFBand>1</ns:CFBand>
      <ns:PartCost>02</ns:PartCost>
      <ns:EpGro>04</ns:EpGro>
      <ns:HrgFce>YR43A</ns:HrgFce>
      <ns:HrgSpl>YR43A</ns:HrgSpl>
      <ns:Alos>21</ns:Alos>
      <ns:CstActivity>
        <ns:ActCstID>COM003</ns:ActCstID>
        <ns:ActCnt>9877</ns:ActCnt>
        <ns:Resource>
          <ns:ResCstID>CPF022</ns:ResCstID>
          <ns:TotCst>533.74</ns:TotCst>
        </ns:Resource>
        <ns:Resource>
          <ns:ResCstID>CPF032</ns:ResCstID>
          <ns:TotCst>89.16</ns:TotCst>
        </ns:Resource>
        <ns:Resource>
          <ns:ResCstID>CPF005</ns:ResCstID>
          <ns:TotCst>581.18</ns:TotCst>
        </ns:Resource>
        <ns:Resource>
          <ns:ResCstID>CPF029</ns:ResCstID>
          <ns:TotCst>118.33</ns:TotCst>
        </ns:Resource>
      </ns:CstActivity>
    </ns:Activity>
    <ns:Activity>
      <ns:OrgId>BRK01</ns:OrgId>
      <ns:PLEMI>ABC5678901234567890123456789012345678901234567890</ns:PLEMI>
      <ns:CDSID>CDS1234567890</ns:CDSID>
      <ns:NHSNo>9999999999</ns:NHSNo>
      <ns:NhsSt>05</ns:NhsSt>
      <ns:Postcd>AB44 5TS</ns:Postcd>
      <ns:DoB>1899-12-31</ns:DoB>
      <ns:Gendr>2</ns:Gendr>
      <ns:PathId>ABC45678901234567890</ns:PathId>
      <ns:PatOrgId>X123</ns:PatOrgId>
      <ns:Pod>NEL</ns:Pod>
      <ns:HSpellNo>ABC</ns:HSpellNo>
      <ns:EpiNo>05</ns:EpiNo>
      <ns:EpStDte>2021-07-20</ns:EpStDte>
      <ns:EpEnDte>2021-07-20</ns:EpEnDte>
      <ns:EpType>2</ns:EpType>
      <ns:Tfc>501</ns:Tfc>
      <ns:CFBand>1A</ns:CFBand>
      <ns:PartCost>02</ns:PartCost>
      <ns:EpGro>09</ns:EpGro>
      <ns:HrgFce>YR43A</ns:HrgFce>
      <ns:HrgSpl>YR43A</ns:HrgSpl>
      <ns:Alos>18</ns:Alos>
      <ns:CstActivity>
        <ns:ActCstID>DEN001</ns:ActCstID>
        <ns:ActCnt>8238</ns:ActCnt>
        <ns:Resource>
          <ns:ResCstID>CPF002</ns:ResCstID>
          <ns:TotCst>215.13</ns:TotCst>
        </ns:Resource>
        <ns:Resource>
          <ns:ResCstID>CPF005</ns:ResCstID>
          <ns:TotCst>29.42</ns:TotCst>
        </ns:Resource>
        <ns:Resource>
          <ns:ResCstID>CPF031</ns:ResCstID>
          <ns:TotCst>177.61</ns:TotCst>
        </ns:Resource>
      </ns:CstActivity>
      <ns:CstActivity>
        <ns:ActCstID>PHA005</ns:ActCstID>
        <ns:ActCnt>8347</ns:ActCnt>
        <ns:Resource>
          <ns:ResCstID>CPF030</ns:ResCstID>
          <ns:TotCst>317.65</ns:TotCst>
        </ns:Resource>
        <ns:Resource>
          <ns:ResCstID>CPF010</ns:ResCstID>
          <ns:TotCst>302.64</ns:TotCst>
        </ns:Resource>
      </ns:CstActivity>
      <ns:CstActivity>
        <ns:ActCstID>DIM005</ns:ActCstID>
        <ns:ActCnt>8100</ns:ActCnt>
        <ns:Resource>
          <ns:ResCstID>CSC006</ns:ResCstID>
          <ns:TotCst>62.38</ns:TotCst>
        </ns:Resource>
      </ns:CstActivity>
    </ns:Activity>
    <ns:Activity>
      <ns:OrgId>BRK01</ns:OrgId>
      <ns:PLEMI>ABC5678901234567890123456789012345678901234567890</ns:PLEMI>
      <ns:CDSID>CDS1234567891</ns:CDSID>
      <ns:NHSNo>9999999999</ns:NHSNo>
      <ns:NhsSt>06</ns:NhsSt>
      <ns:Postcd>AB44 5TS</ns:Postcd>
      <ns:DoB>2021-03-31</ns:DoB>
      <ns:Gendr>2</ns:Gendr>
      <ns:PathId>ABC45678901234567890</ns:PathId>
      <ns:PatOrgId>X1234</ns:PatOrgId>
      <ns:Pod>NESTR</ns:Pod>
      <ns:HSpellNo>AB123</ns:HSpellNo>
      <ns:EpiNo>10</ns:EpiNo>
      <ns:EpStDte>2021-07-20</ns:EpStDte>
      <ns:EpEnDte>2021-07-20</ns:EpEnDte>
      <ns:EpType>2</ns:EpType>
      <ns:Tfc>710</ns:Tfc>
      <ns:CFBand>2</ns:CFBand>
      <ns:PartCost>02</ns:PartCost>
      <ns:EpGro>04</ns:EpGro>
      <ns:HrgFce>YR43A</ns:HrgFce>
      <ns:HrgSpl>YR43A</ns:HrgSpl>
      <ns:Alos>18</ns:Alos>
      <ns:CstActivity>
        <ns:ActCstID>ODT008</ns:ActCstID>
        <ns:ActCnt>4289</ns:ActCnt>
        <ns:Resource>
          <ns:ResCstID>CPF023</ns:ResCstID>
          <ns:TotCst>763.84</ns:TotCst>
        </ns:Resource>
      </ns:CstActivity>
      <ns:CstActivity>
        <ns:ActCstID>COM004</ns:ActCstID>
        <ns:ActCnt>9805</ns:ActCnt>
        <ns:Resource>
          <ns:ResCstID>CPF005</ns:ResCstID>
          <ns:TotCst>73.94</ns:TotCst>
        </ns:Resource>
      </ns:CstActivity>
      <ns:CstActivity>
        <ns:ActCstID>DIM008</ns:ActCstID>
        <ns:ActCnt>9894</ns:ActCnt>
        <ns:Resource>
          <ns:ResCstID>CSC008</ns:ResCstID>
          <ns:TotCst>759.89</ns:TotCst>
        </ns:Resource>
        <ns:Resource>
          <ns:ResCstID>CPF011</ns:ResCstID>
          <ns:TotCst>810.53</ns:TotCst>
        </ns:Resource>
      </ns:CstActivity>
    </ns:Activity>
    <ns:Activity>
      <ns:OrgId>BRK01</ns:OrgId>
      <ns:PLEMI>ABC5678901234567890123456789012345678901234567890</ns:PLEMI>
      <ns:CDSID>CDS1234567892</ns:CDSID>
      <ns:NHSNo>9999999999</ns:NHSNo>
      <ns:NhsSt>07</ns:NhsSt>
      <ns:Postcd>AB44 5TS</ns:Postcd>
      <ns:DoB>2020-03-31</ns:DoB>
      <ns:Gendr>2</ns:Gendr>
      <ns:PathId>ABC45678901234567890</ns:PathId>
      <ns:PatOrgId>X26</ns:PatOrgId>
      <ns:Pod>NELTR</ns:Pod>
      <ns:HSpellNo>ABC456789012</ns:HSpellNo>
      <ns:EpiNo>87</ns:EpiNo>
      <ns:EpStDte>2021-07-20</ns:EpStDte>
      <ns:EpEnDte>2021-07-20</ns:EpEnDte>
      <ns:EpType>2</ns:EpType>
      <ns:Tfc>710</ns:Tfc>
      <ns:CFBand>2A</ns:CFBand>
      <ns:PartCost>02</ns:PartCost>
      <ns:EpGro>04</ns:EpGro>
      <ns:HrgFce>YR43A</ns:HrgFce>
      <ns:HrgSpl>YR43A</ns:HrgSpl>
      <ns:Alos>18</ns:Alos>
      <ns:CstActivity>
        <ns:ActCstID>THR001</ns:ActCstID>
        <ns:ActCnt>6</ns:ActCnt>
        <ns:Resource>
          <ns:ResCstID>CSC008</ns:ResCstID>
          <ns:TotCst>907.28</ns:TotCst>
        </ns:Resource>
        <ns:Resource>
          <ns:ResCstID>CPF022</ns:ResCstID>
          <ns:TotCst>942.79</ns:TotCst>
        </ns:Resource>
        <ns:Resource>
          <ns:ResCstID>CSC005</ns:ResCstID>
          <ns:TotCst>538.09</ns:TotCst>
        </ns:Resource>
        <ns:Resource>
          <ns:ResCstID>CPF005</ns:ResCstID>
          <ns:TotCst>754.85</ns:TotCst>
        </ns:Resource>
      </ns:CstActivity>
      <ns:CstActivity>
        <ns:ActCstID>COM004</ns:ActCstID>
        <ns:ActCnt>1613</ns:ActCnt>
        <ns:Resource>
          <ns:ResCstID>CSC008</ns:ResCstID>
          <ns:TotCst>550.66</ns:TotCst>
        </ns:Resource>
        <ns:Resource>
          <ns:ResCstID>CPF005</ns:ResCstID>
          <ns:TotCst>162.46</ns:TotCst>
        </ns:Resource>
        <ns:Resource>
          <ns:ResCstID>CPF005</ns:ResCstID>
          <ns:TotCst>788.29</ns:TotCst>
        </ns:Resource>
        <ns:Resource>
          <ns:ResCstID>CPF010</ns:ResCstID>
          <ns:TotCst>238.09</ns:TotCst>
        </ns:Resource>
      </ns:CstActivity>
      <ns:CstActivity>
        <ns:ActCstID>ODT005</ns:ActCstID>
        <ns:ActCnt>2302</ns:ActCnt>
        <ns:Resource>
          <ns:ResCstID>CPF017</ns:ResCstID>
          <ns:TotCst>431.73</ns:TotCst>
        </ns:Resource>
        <ns:Resource>
          <ns:ResCstID>CSC004</ns:ResCstID>
          <ns:TotCst>772.93</ns:TotCst>
        </ns:Resource>
        <ns:Resource>
          <ns:ResCstID>CSC006</ns:ResCstID>
          <ns:TotCst>921.94</ns:TotCst>
        </ns:Resource>
      </ns:CstActivity>
    </ns:Activity>
    <ns:Activity>
      <ns:OrgId>BRK01</ns:OrgId>
      <ns:PLEMI>ABC5678901234567890123456789012345678901234567890</ns:PLEMI>
      <ns:CDSID>CDS1234567892</ns:CDSID>
      <ns:NHSNo>9999999999</ns:NHSNo>
      <ns:NhsSt>07</ns:NhsSt>
      <ns:Postcd>AB44 5TS</ns:Postcd>
      <ns:DoB>2020-03-31</ns:DoB>
      <ns:Gendr>2</ns:Gendr>
      <ns:PathId>ABC45678901234567890</ns:PathId>
      <ns:PatOrgId>X26</ns:PatOrgId>
      <ns:Pod>NELTR</ns:Pod>
      <ns:HSpellNo>ABC456789012</ns:HSpellNo>
      <ns:EpiNo>87</ns:EpiNo>
      <ns:EpStDte>2021-07-20</ns:EpStDte>
      <ns:EpEnDte>2021-07-20</ns:EpEnDte>
      <ns:EpType>2</ns:EpType>
      <ns:Tfc>710</ns:Tfc>
      <ns:CFBand>2A</ns:CFBand>
      <ns:PartCost>02</ns:PartCost>
      <ns:EpGro>04</ns:EpGro>
      <ns:HrgFce>YR43A</ns:HrgFce>
      <ns:HrgSpl>YR43A</ns:HrgSpl>
      <ns:Alos>18</ns:Alos>
      <ns:CstActivity>
        <ns:ActCstID>DIM008</ns:ActCstID>
        <ns:ActCnt>3664</ns:ActCnt>
        <ns:Resource>
          <ns:ResCstID>CSC006</ns:ResCstID>
          <ns:TotCst>955.39</ns:TotCst>
        </ns:Resource>
        <ns:Resource>
          <ns:ResCstID>CPF024</ns:ResCstID>
          <ns:TotCst>524.82</ns:TotCst>
        </ns:Resource>
        <ns:Resource>
          <ns:ResCstID>CPF030</ns:ResCstID>
          <ns:TotCst>421.51</ns:TotCst>
        </ns:Resource>
        <ns:Resource>
          <ns:ResCstID>CPF031</ns:ResCstID>
          <ns:TotCst>891.79</ns:TotCst>
        </ns:Resource>
      </ns:CstActivity>
      <ns:CstActivity>
        <ns:ActCstID>OUT002</ns:ActCstID>
        <ns:ActCnt>975</ns:ActCnt>
        <ns:Resource>
          <ns:ResCstID>CPF029</ns:ResCstID>
          <ns:TotCst>891.17</ns:TotCst>
        </ns:Resource>
        <ns:Resource>
          <ns:ResCstID>CPF030</ns:ResCstID>
          <ns:TotCst>885.78</ns:TotCst>
        </ns:Resource>
        <ns:Resource>
          <ns:ResCstID>CPF029</ns:ResCstID>
          <ns:TotCst>984.58</ns:TotCst>
        </ns:Resource>
      </ns:CstActivity>
    </ns:Activity>
    <ns:Activity>
      <ns:OrgId>BRK01</ns:OrgId>
      <ns:PLEMI>ABC5678901234567890123456789012345678901234567890</ns:PLEMI>
      <ns:CDSID>CDS1234567893</ns:CDSID>
      <ns:NHSNo>9999999999</ns:NHSNo>
      <ns:NhsSt>08</ns:NhsSt>
      <ns:Postcd>AB44 5TS</ns:Postcd>
      <ns:DoB>2020-03-31</ns:DoB>
      <ns:Gendr>2</ns:Gendr>
      <ns:PathId>ABC45678901234567890</ns:PathId>
      <ns:PatOrgId>X26</ns:PatOrgId>
      <ns:Pod>RP</ns:Pod>
      <ns:HSpellNo>ABC</ns:HSpellNo>
      <ns:EpiNo>98</ns:EpiNo>
      <ns:EpStDte>2021-07-20</ns:EpStDte>
      <ns:EpEnDte>2021-07-20</ns:EpEnDte>
      <ns:EpType>2</ns:EpType>
      <ns:Tfc>811</ns:Tfc>
      <ns:CFBand>3</ns:CFBand>
      <ns:PartCost>02</ns:PartCost>
      <ns:EpGro>04</ns:EpGro>
      <ns:HrgFce>YR43A</ns:HrgFce>
      <ns:HrgSpl>YR43A</ns:HrgSpl>
      <ns:Alos>18</ns:Alos>
      <ns:CstActivity>
        <ns:ActCstID>SUP001</ns:ActCstID>
        <ns:ActCnt>5177</ns:ActCnt>
        <ns:Resource>
          <ns:ResCstID>CPF001</ns:ResCstID>
          <ns:TotCst>303.41</ns:TotCst>
        </ns:Resource>
        <ns:Resource>
          <ns:ResCstID>CPF030</ns:ResCstID>
          <ns:TotCst>17.30</ns:TotCst>
        </ns:Resource>
      </ns:CstActivity>
      <ns:CstActivity>
        <ns:ActCstID>ODT004</ns:ActCstID>
        <ns:ActCnt>177</ns:ActCnt>
        <ns:Resource>
          <ns:ResCstID>CPF005</ns:ResCstID>
          <ns:TotCst>82.17</ns:TotCst>
        </ns:Resource>
        <ns:Resource>
          <ns:ResCstID>CPF031</ns:ResCstID>
          <ns:TotCst>836.08</ns:TotCst>
        </ns:Resource>
        <ns:Resource>
          <ns:ResCstID>CPF010</ns:ResCstID>
          <ns:TotCst>378.29</ns:TotCst>
        </ns:Resource>
        <ns:Resource>
          <ns:ResCstID>CPF030</ns:ResCstID>
          <ns:TotCst>971.95</ns:TotCst>
        </ns:Resource>
      </ns:CstActivity>
    </ns:Activity>
    <ns:Activity>
      <ns:OrgId>BRK01</ns:OrgId>
      <ns:PLEMI>ABC5678901234567890123456789012345678901234567890</ns:PLEMI>
      <ns:CDSID>CDS1234567893</ns:CDSID>
      <ns:NHSNo>9999999999</ns:NHSNo>
      <ns:NhsSt>07</ns:NhsSt>
      <ns:Postcd>AB44 4TS</ns:Postcd>
      <ns:DoB>2020-03-31</ns:DoB>
      <ns:Gendr>2</ns:Gendr>
      <ns:PathId>ABC45678901234567890</ns:PathId>
      <ns:PatOrgId>X26</ns:PatOrgId>
      <ns:Pod>RP</ns:Pod>
      <ns:HSpellNo>ABC</ns:HSpellNo>
      <ns:EpiNo>99</ns:EpiNo>
      <ns:EpStDte>2021-07-20</ns:EpStDte>
      <ns:EpEnDte>2021-07-20</ns:EpEnDte>
      <ns:EpType>1</ns:EpType>
      <ns:Tfc>999</ns:Tfc>
      <ns:CFBand>4</ns:CFBand>
      <ns:PartCost>02</ns:PartCost>
      <ns:EpGro>04</ns:EpGro>
      <ns:HrgFce>YR43A</ns:HrgFce>
      <ns:HrgSpl>YR43A</ns:HrgSpl>
      <ns:Alos>18</ns:Alos>
      <ns:CstActivity>
        <ns:ActCstID>DIM002</ns:ActCstID>
        <ns:ActCnt>8186</ns:ActCnt>
        <ns:Resource>
          <ns:ResCstID>CPF005</ns:ResCstID>
          <ns:TotCst>406.99</ns:TotCst>
        </ns:Resource>
      </ns:CstActivity>
      <ns:CstActivity>
        <ns:ActCstID>PHA008</ns:ActCstID>
        <ns:ActCnt>4248</ns:ActCnt>
        <ns:Resource>
          <ns:ResCstID>CSC006</ns:ResCstID>
          <ns:TotCst>492.35</ns:TotCst>
        </ns:Resource>
        <ns:Resource>
          <ns:ResCstID>CPF002</ns:ResCstID>
          <ns:TotCst>692.89</ns:TotCst>
        </ns:Resource>
        <ns:Resource>
          <ns:ResCstID>CSC004</ns:ResCstID>
          <ns:TotCst>324.19</ns:TotCst>
        </ns:Resource>
        <ns:Resource>
          <ns:ResCstID>CPF002</ns:ResCstID>
          <ns:TotCst>188.65</ns:TotCst>
        </ns:Resource>
      </ns:CstActivity>
    </ns:Activity>
    <ns:Activity>
      <ns:OrgId>BRK01</ns:OrgId>
      <ns:PLEMI>ABC5678901234567890123456789012345678901234567890</ns:PLEMI>
      <ns:CDSID>CDS1234567893</ns:CDSID>
      <ns:NHSNo>9999999999</ns:NHSNo>
      <ns:NhsSt>07</ns:NhsSt>
      <ns:Postcd>AB44 4TS</ns:Postcd>
      <ns:DoB>2020-03-31</ns:DoB>
      <ns:Gendr>2</ns:Gendr>
      <ns:PathId>ABC45678901234567890</ns:PathId>
      <ns:PatOrgId>X26</ns:PatOrgId>
      <ns:Pod>RP</ns:Pod>
      <ns:HSpellNo>ABC</ns:HSpellNo>
      <ns:EpiNo>99</ns:EpiNo>
      <ns:EpStDte>2021-07-20</ns:EpStDte>
      <ns:EpEnDte>2021-07-20</ns:EpEnDte>
      <ns:EpType>2</ns:EpType>
      <ns:Tfc>999</ns:Tfc>
      <ns:CFBand>4</ns:CFBand>
      <ns:PartCost>02</ns:PartCost>
      <ns:EpGro>04</ns:EpGro>
      <ns:HrgFce>YR43A</ns:HrgFce>
      <ns:HrgSpl>YR43A</ns:HrgSpl>
      <ns:Alos>18</ns:Alos>
      <ns:CstActivity>
        <ns:ActCstID>DIM007</ns:ActCstID>
        <ns:ActCnt>1055</ns:ActCnt>
        <ns:Resource>
          <ns:ResCstID>CSC004</ns:ResCstID>
          <ns:TotCst>969.69</ns:TotCst>
        </ns:Resource>
        <ns:Resource>
          <ns:ResCstID>CSC004</ns:ResCstID>
          <ns:TotCst>93.99</ns:TotCst>
        </ns:Resource>
        <ns:Resource>
          <ns:ResCstID>CPF005</ns:ResCstID>
          <ns:TotCst>367.92</ns:TotCst>
        </ns:Resource>
      </ns:CstActivity>
    </ns:Activity>
  </ns:MessageBody>
</ns:HCDSExtract>
