<?xml version='1.0' encoding='utf-8'?><ns:HCDSExtract xmlns:xsi="http://www.w3.org/2001/XMLSchema-instance" xmlns:ns="http://Improvement.nhs.uk/HealthcareCostingDataSet/v1.12-2122">
  <ns:MessageHeader>
    <ns:OrgSubmittingID>ORG01</ns:OrgSubmittingID>
    <ns:FinYr>FY2021-22</ns:FinYr>
    <ns:PeriodStartDate>2021-08-01</ns:PeriodStartDate>
    <ns:PeriodEndDate>2021-08-31</ns:PeriodEndDate>
    <ns:CreateDateTime>2022-10-19T10:30:00</ns:CreateDateTime>
    <ns:FeedType>CSCC</ns:FeedType>
    <ns:NoOfActivityRecords>10</ns:NoOfActivityRecords>
    <ns:TotalCosts>24833.81</ns:TotalCosts>
  </ns:MessageHeader>
  <ns:MessageBody>
    <ns:Activity>
      <ns:OrgId>ORG01</ns:OrgId>
      <ns:PLEMI>UPG6621259579120627400808541166917819784044498-103</ns:PLEMI>
      <ns:NHSNo>8673271509</ns:NHSNo>
      <ns:NhsSt>02</ns:NhsSt>
      <ns:DoB>1975-02-08</ns:DoB>
      <ns:Gendr>9</ns:Gendr>
      <ns:SerReqID>96847292060271992501</ns:SerReqID>
      <ns:CareId>36957540439259436251</ns:CareId>
      <ns:CareDte>2021-08-19</ns:CareDte>
      <ns:ClinDuration>03</ns:ClinDuration>
      <ns:TeamType>49</ns:TeamType>
      <ns:ConsultType/>
      <ns:CCSubject>02</ns:CCSubject>
      <ns:CMedium/>
      <ns:LocCode>M05</ns:LocCode>
      <ns:GPTherapyInd>Z</ns:GPTherapyInd>
      <ns:ChsCcy>N10CN</ns:ChsCcy>
      <ns:CstActivity>
        <ns:ActCstID>OUT004</ns:ActCstID>
        <ns:ActCnt>5282</ns:ActCnt>
        <ns:Resource>
          <ns:ResCstID>CSC006</ns:ResCstID>
          <ns:TotCst>229.00</ns:TotCst>
        </ns:Resource>
        <ns:Resource>
          <ns:ResCstID>CPF032</ns:ResCstID>
          <ns:TotCst>748.06</ns:TotCst>
        </ns:Resource>
      </ns:CstActivity>
    </ns:Activity>
    <ns:Activity>
      <ns:OrgId>ORG01</ns:OrgId>
      <ns:PLEMI>XHZ5231055160950066788874641757449833265596160-759</ns:PLEMI>
      <ns:NHSNo>2492988256</ns:NHSNo>
      <ns:NhsSt>07</ns:NhsSt>
      <ns:DoB>1969-01-19</ns:DoB>
      <ns:Gendr>9</ns:Gendr>
      <ns:SerReqID>50344145014463392908</ns:SerReqID>
      <ns:CareId>72355125898281417510</ns:CareId>
      <ns:CareDte>2021-08-26</ns:CareDte>
      <ns:ClinDuration>946</ns:ClinDuration>
      <ns:TeamType>49</ns:TeamType>
      <ns:ConsultType/>
      <ns:CCSubject>02</ns:CCSubject>
      <ns:CMedium/>
      <ns:LocCode>E04</ns:LocCode>
      <ns:GPTherapyInd>Y</ns:GPTherapyInd>
      <ns:ChsCcy>N25CF</ns:ChsCcy>
      <ns:CstActivity>
        <ns:ActCstID>PAT003</ns:ActCstID>
        <ns:ActCnt>4916</ns:ActCnt>
        <ns:Resource>
          <ns:ResCstID>CPF032</ns:ResCstID>
          <ns:TotCst>138.88</ns:TotCst>
        </ns:Resource>
        <ns:Resource>
          <ns:ResCstID>CSC005</ns:ResCstID>
          <ns:TotCst>461.94</ns:TotCst>
        </ns:Resource>
        <ns:Resource>
          <ns:ResCstID>CSC006</ns:ResCstID>
          <ns:TotCst>779.07</ns:TotCst>
        </ns:Resource>
        <ns:Resource>
          <ns:ResCstID>CPF005</ns:ResCstID>
          <ns:TotCst>813.41</ns:TotCst>
        </ns:Resource>
      </ns:CstActivity>
      <ns:CstActivity>
        <ns:ActCstID>OUT001</ns:ActCstID>
        <ns:ActCnt>4488</ns:ActCnt>
        <ns:Resource>
          <ns:ResCstID>CPF030</ns:ResCstID>
          <ns:TotCst>149.89</ns:TotCst>
        </ns:Resource>
        <ns:Resource>
          <ns:ResCstID>CPF005</ns:ResCstID>
          <ns:TotCst>970.25</ns:TotCst>
        </ns:Resource>
      </ns:CstActivity>
      <ns:CstActivity>
        <ns:ActCstID>DEV001</ns:ActCstID>
        <ns:ActCnt>7201</ns:ActCnt>
        <ns:Resource>
          <ns:ResCstID>CPF022</ns:ResCstID>
          <ns:TotCst>133.99</ns:TotCst>
        </ns:Resource>
        <ns:Resource>
          <ns:ResCstID>CPF032</ns:ResCstID>
          <ns:TotCst>184.61</ns:TotCst>
        </ns:Resource>
      </ns:CstActivity>
    </ns:Activity>
    <ns:Activity>
      <ns:OrgId>ORG01</ns:OrgId>
      <ns:PLEMI>XFR7516364576573995396660781542865161224223604-955</ns:PLEMI>
      <ns:NHSNo>2218317200</ns:NHSNo>
      <ns:NhsSt>02</ns:NhsSt>
      <ns:DoB>2006-12-27</ns:DoB>
      <ns:Gendr>9</ns:Gendr>
      <ns:SerReqID>60743501932413725913</ns:SerReqID>
      <ns:CareId>41427057349212189243</ns:CareId>
      <ns:CareDte>2021-08-28</ns:CareDte>
      <ns:ClinDuration>945</ns:ClinDuration>
      <ns:TeamType>49</ns:TeamType>
      <ns:ConsultType/>
      <ns:CCSubject/>
      <ns:CMedium>06</ns:CMedium>
      <ns:LocCode>E04</ns:LocCode>
      <ns:GPTherapyInd>Y</ns:GPTherapyInd>
      <ns:ChsCcy>N06CF</ns:ChsCcy>
      <ns:CstActivity>
        <ns:ActCstID>DIM003</ns:ActCstID>
        <ns:ActCnt>6479</ns:ActCnt>
        <ns:Resource>
          <ns:ResCstID>CPF002</ns:ResCstID>
          <ns:TotCst>93.50</ns:TotCst>
        </ns:Resource>
        <ns:Resource>
          <ns:ResCstID>CPF005</ns:ResCstID>
          <ns:TotCst>966.81</ns:TotCst>
        </ns:Resource>
        <ns:Resource>
          <ns:ResCstID>CPF030</ns:ResCstID>
          <ns:TotCst>823.88</ns:TotCst>
        </ns:Resource>
      </ns:CstActivity>
    </ns:Activity>
    <ns:Activity>
      <ns:OrgId>ORG01</ns:OrgId>
      <ns:PLEMI>ECO3918245502347940252947787184634091831518395-739</ns:PLEMI>
      <ns:NHSNo>3414117424</ns:NHSNo>
      <ns:NhsSt>07</ns:NhsSt>
      <ns:DoB>1976-05-13</ns:DoB>
      <ns:Gendr/>
      <ns:SerReqID>11348746529206985878</ns:SerReqID>
      <ns:CareId>40740228612998526624</ns:CareId>
      <ns:CareDte>2021-08-07</ns:CareDte>
      <ns:ClinDuration>41</ns:ClinDuration>
      <ns:TeamType>41</ns:TeamType>
      <ns:ConsultType>01</ns:ConsultType>
      <ns:CCSubject/>
      <ns:CMedium>06</ns:CMedium>
      <ns:LocCode>K02</ns:LocCode>
      <ns:GPTherapyInd>N</ns:GPTherapyInd>
      <ns:ChsCcy>N19AN</ns:ChsCcy>
      <ns:CstActivity>
        <ns:ActCstID>PAT003</ns:ActCstID>
        <ns:ActCnt>4910</ns:ActCnt>
        <ns:Resource>
          <ns:ResCstID>CPF001</ns:ResCstID>
          <ns:TotCst>118.19</ns:TotCst>
        </ns:Resource>
        <ns:Resource>
          <ns:ResCstID>CPF005</ns:ResCstID>
          <ns:TotCst>136.56</ns:TotCst>
        </ns:Resource>
      </ns:CstActivity>
      <ns:CstActivity>
        <ns:ActCstID>PHA005</ns:ActCstID>
        <ns:ActCnt>102</ns:ActCnt>
        <ns:Resource>
          <ns:ResCstID>CSC006</ns:ResCstID>
          <ns:TotCst>745.02</ns:TotCst>
        </ns:Resource>
        <ns:Resource>
          <ns:ResCstID>CPF023</ns:ResCstID>
          <ns:TotCst>990.55</ns:TotCst>
        </ns:Resource>
        <ns:Resource>
          <ns:ResCstID>CPF029</ns:ResCstID>
          <ns:TotCst>437.31</ns:TotCst>
        </ns:Resource>
        <ns:Resource>
          <ns:ResCstID>CPF002</ns:ResCstID>
          <ns:TotCst>813.97</ns:TotCst>
        </ns:Resource>
      </ns:CstActivity>
      <ns:CstActivity>
        <ns:ActCstID>BLD002</ns:ActCstID>
        <ns:ActCnt>9559</ns:ActCnt>
        <ns:Resource>
          <ns:ResCstID>CPF022</ns:ResCstID>
          <ns:TotCst>564.60</ns:TotCst>
        </ns:Resource>
      </ns:CstActivity>
    </ns:Activity>
    <ns:Activity>
      <ns:OrgId>ORG01</ns:OrgId>
      <ns:PLEMI>YTK5425893426950845630863095776308468001659319-685</ns:PLEMI>
      <ns:NHSNo>9331805400</ns:NHSNo>
      <ns:NhsSt>07</ns:NhsSt>
      <ns:DoB>2021-06-27</ns:DoB>
      <ns:Gendr>X</ns:Gendr>
      <ns:SerReqID>35461907775574206559</ns:SerReqID>
      <ns:CareId>79832358964445957472</ns:CareId>
      <ns:CareDte>2021-08-25</ns:CareDte>
      <ns:ClinDuration>37</ns:ClinDuration>
      <ns:TeamType>50</ns:TeamType>
      <ns:ConsultType>01</ns:ConsultType>
      <ns:CCSubject>02</ns:CCSubject>
      <ns:CMedium>05</ns:CMedium>
      <ns:LocCode>G04</ns:LocCode>
      <ns:GPTherapyInd>Z</ns:GPTherapyInd>
      <ns:ChsCcy>N19AF</ns:ChsCcy>
      <ns:CstActivity>
        <ns:ActCstID>PHA005</ns:ActCstID>
        <ns:ActCnt>6404</ns:ActCnt>
        <ns:Resource>
          <ns:ResCstID>CPF029</ns:ResCstID>
          <ns:TotCst>448.84</ns:TotCst>
        </ns:Resource>
        <ns:Resource>
          <ns:ResCstID>CPF017</ns:ResCstID>
          <ns:TotCst>129.82</ns:TotCst>
        </ns:Resource>
      </ns:CstActivity>
    </ns:Activity>
    <ns:Activity>
      <ns:OrgId>ORG01</ns:OrgId>
      <ns:PLEMI>XWR5121074611403038938472718329579273460935540-043</ns:PLEMI>
      <ns:NHSNo>1218764376</ns:NHSNo>
      <ns:NhsSt>03</ns:NhsSt>
      <ns:DoB>1966-12-22</ns:DoB>
      <ns:Gendr/>
      <ns:SerReqID>4436267474806749471</ns:SerReqID>
      <ns:CareId>52445215512049272945</ns:CareId>
      <ns:CareDte>2021-08-09</ns:CareDte>
      <ns:ClinDuration>264</ns:ClinDuration>
      <ns:TeamType>09</ns:TeamType>
      <ns:ConsultType>01</ns:ConsultType>
      <ns:CCSubject>02</ns:CCSubject>
      <ns:CMedium>02</ns:CMedium>
      <ns:LocCode>K01</ns:LocCode>
      <ns:GPTherapyInd>Y</ns:GPTherapyInd>
      <ns:ChsCcy>N12</ns:ChsCcy>
      <ns:CstActivity>
        <ns:ActCstID>DEV001</ns:ActCstID>
        <ns:ActCnt>2705</ns:ActCnt>
        <ns:Resource>
          <ns:ResCstID>CPF011</ns:ResCstID>
          <ns:TotCst>390.33</ns:TotCst>
        </ns:Resource>
        <ns:Resource>
          <ns:ResCstID>CPF002</ns:ResCstID>
          <ns:TotCst>344.87</ns:TotCst>
        </ns:Resource>
        <ns:Resource>
          <ns:ResCstID>CPF024</ns:ResCstID>
          <ns:TotCst>543.20</ns:TotCst>
        </ns:Resource>
      </ns:CstActivity>
      <ns:CstActivity>
        <ns:ActCstID>PHA007</ns:ActCstID>
        <ns:ActCnt>2125</ns:ActCnt>
        <ns:Resource>
          <ns:ResCstID>CPF023</ns:ResCstID>
          <ns:TotCst>836.00</ns:TotCst>
        </ns:Resource>
        <ns:Resource>
          <ns:ResCstID>CSC005</ns:ResCstID>
          <ns:TotCst>848.38</ns:TotCst>
        </ns:Resource>
        <ns:Resource>
          <ns:ResCstID>CSC004</ns:ResCstID>
          <ns:TotCst>124.76</ns:TotCst>
        </ns:Resource>
        <ns:Resource>
          <ns:ResCstID>CPF032</ns:ResCstID>
          <ns:TotCst>878.92</ns:TotCst>
        </ns:Resource>
      </ns:CstActivity>
      <ns:CstActivity>
        <ns:ActCstID>PAT005</ns:ActCstID>
        <ns:ActCnt>3159</ns:ActCnt>
        <ns:Resource>
          <ns:ResCstID>CPF032</ns:ResCstID>
          <ns:TotCst>823.37</ns:TotCst>
        </ns:Resource>
        <ns:Resource>
          <ns:ResCstID>CPF029</ns:ResCstID>
          <ns:TotCst>179.76</ns:TotCst>
        </ns:Resource>
      </ns:CstActivity>
    </ns:Activity>
    <ns:Activity>
      <ns:OrgId>ORG01</ns:OrgId>
      <ns:PLEMI>WKO8007839217660116934521630505590004354711356-278</ns:PLEMI>
      <ns:NHSNo>7985370968</ns:NHSNo>
      <ns:NhsSt>05</ns:NhsSt>
      <ns:DoB>1991-10-09</ns:DoB>
      <ns:Gendr>x</ns:Gendr>
      <ns:SerReqID>41513268556120245758</ns:SerReqID>
      <ns:CareId>67074624533940112517</ns:CareId>
      <ns:CareDte>2021-08-27</ns:CareDte>
      <ns:ClinDuration>3</ns:ClinDuration>
      <ns:TeamType>15</ns:TeamType>
      <ns:ConsultType>01</ns:ConsultType>
      <ns:CCSubject>02</ns:CCSubject>
      <ns:CMedium>02</ns:CMedium>
      <ns:LocCode>X01</ns:LocCode>
      <ns:GPTherapyInd/>
      <ns:ChsCcy>OSCCRT</ns:ChsCcy>
      <ns:CstActivity>
        <ns:ActCstID>WRD001</ns:ActCstID>
        <ns:ActCnt>4680</ns:ActCnt>
        <ns:Resource>
          <ns:ResCstID>CSC004</ns:ResCstID>
          <ns:TotCst>964.33</ns:TotCst>
        </ns:Resource>
        <ns:Resource>
          <ns:ResCstID>CPF001</ns:ResCstID>
          <ns:TotCst>984.16</ns:TotCst>
        </ns:Resource>
        <ns:Resource>
          <ns:ResCstID>CPF030</ns:ResCstID>
          <ns:TotCst>176.98</ns:TotCst>
        </ns:Resource>
        <ns:Resource>
          <ns:ResCstID>CPF017</ns:ResCstID>
          <ns:TotCst>871.26</ns:TotCst>
        </ns:Resource>
      </ns:CstActivity>
      <ns:CstActivity>
        <ns:ActCstID>PAT002</ns:ActCstID>
        <ns:ActCnt>8570</ns:ActCnt>
        <ns:Resource>
          <ns:ResCstID>CPF002</ns:ResCstID>
          <ns:TotCst>28.50</ns:TotCst>
        </ns:Resource>
        <ns:Resource>
          <ns:ResCstID>CPF002</ns:ResCstID>
          <ns:TotCst>467.03</ns:TotCst>
        </ns:Resource>
        <ns:Resource>
          <ns:ResCstID>CPF022</ns:ResCstID>
          <ns:TotCst>898.50</ns:TotCst>
        </ns:Resource>
      </ns:CstActivity>
    </ns:Activity>
    <ns:Activity>
      <ns:OrgId>ORG01</ns:OrgId>
      <ns:PLEMI>YPR2410252536452543698715649171916970521458305-985</ns:PLEMI>
      <ns:NHSNo>3720667374</ns:NHSNo>
      <ns:NhsSt>04</ns:NhsSt>
      <ns:DoB>1976-10-29</ns:DoB>
      <ns:Gendr>9</ns:Gendr>
      <ns:SerReqID>41901915634612451780</ns:SerReqID>
      <ns:CareId>61563307456708499340</ns:CareId>
      <ns:CareDte>2021-08-23</ns:CareDte>
      <ns:ClinDuration>8212</ns:ClinDuration>
      <ns:TeamType>53</ns:TeamType>
      <ns:ConsultType/>
      <ns:CCSubject/>
      <ns:CMedium>98</ns:CMedium>
      <ns:LocCode>N02</ns:LocCode>
      <ns:GPTherapyInd/>
      <ns:ChsCcy>N07AN</ns:ChsCcy>
      <ns:CstActivity>
        <ns:ActCstID>SPS001</ns:ActCstID>
        <ns:ActCnt>469</ns:ActCnt>
        <ns:Resource>
          <ns:ResCstID>CPF005</ns:ResCstID>
          <ns:TotCst>769.10</ns:TotCst>
        </ns:Resource>
      </ns:CstActivity>
    </ns:Activity>
    <ns:Activity>
      <ns:OrgId>ORG01</ns:OrgId>
      <ns:PLEMI>TCG0863744345519990109857916509149511675192605-079</ns:PLEMI>
      <ns:NHSNo>6115081466</ns:NHSNo>
      <ns:NhsSt>01</ns:NhsSt>
      <ns:DoB>1951-02-28</ns:DoB>
      <ns:Gendr>2</ns:Gendr>
      <ns:SerReqID>54056462306492874535</ns:SerReqID>
      <ns:CareId>94299436199767206085</ns:CareId>
      <ns:CareDte>2021-08-24</ns:CareDte>
      <ns:ClinDuration>17</ns:ClinDuration>
      <ns:TeamType>11</ns:TeamType>
      <ns:ConsultType/>
      <ns:CCSubject>01</ns:CCSubject>
      <ns:CMedium/>
      <ns:LocCode>D01</ns:LocCode>
      <ns:GPTherapyInd>N</ns:GPTherapyInd>
      <ns:ChsCcy>N14AF</ns:ChsCcy>
      <ns:CstActivity>
        <ns:ActCstID>MDT001</ns:ActCstID>
        <ns:ActCnt>5089</ns:ActCnt>
        <ns:Resource>
          <ns:ResCstID>CPF017</ns:ResCstID>
          <ns:TotCst>665.57</ns:TotCst>
        </ns:Resource>
        <ns:Resource>
          <ns:ResCstID>CPF030</ns:ResCstID>
          <ns:TotCst>740.70</ns:TotCst>
        </ns:Resource>
        <ns:Resource>
          <ns:ResCstID>CPF022</ns:ResCstID>
          <ns:TotCst>239.35</ns:TotCst>
        </ns:Resource>
        <ns:Resource>
          <ns:ResCstID>CSC008</ns:ResCstID>
          <ns:TotCst>217.58</ns:TotCst>
        </ns:Resource>
      </ns:CstActivity>
    </ns:Activity>
    <ns:Activity>
      <ns:OrgId>ORG01</ns:OrgId>
      <ns:PLEMI>HEW6013481502737868499907958201274582629765762-769</ns:PLEMI>
      <ns:NHSNo>7921498580</ns:NHSNo>
      <ns:NhsSt>02</ns:NhsSt>
      <ns:DoB>1982-10-06</ns:DoB>
      <ns:Gendr/>
      <ns:SerReqID>81980055719977052715</ns:SerReqID>
      <ns:CareId>27058848053177776479</ns:CareId>
      <ns:CareDte>2021-08-11</ns:CareDte>
      <ns:ClinDuration>729</ns:ClinDuration>
      <ns:TeamType>43</ns:TeamType>
      <ns:ConsultType>01</ns:ConsultType>
      <ns:CCSubject/>
      <ns:CMedium>98</ns:CMedium>
      <ns:LocCode>E99</ns:LocCode>
      <ns:GPTherapyInd>Y</ns:GPTherapyInd>
      <ns:ChsCcy>OSCCRT</ns:ChsCcy>
      <ns:CstActivity>
        <ns:ActCstID>ODT006</ns:ActCstID>
        <ns:ActCnt>7594</ns:ActCnt>
        <ns:Resource>
          <ns:ResCstID>CPF011</ns:ResCstID>
          <ns:TotCst>917.88</ns:TotCst>
        </ns:Resource>
        <ns:Resource>
          <ns:ResCstID>CPF022</ns:ResCstID>
          <ns:TotCst>573.17</ns:TotCst>
        </ns:Resource>
        <ns:Resource>
          <ns:ResCstID>CPF031</ns:ResCstID>
          <ns:TotCst>471.96</ns:TotCst>
        </ns:Resource>
      </ns:CstActivity>
    </ns:Activity>
  </ns:MessageBody>
</ns:HCDSExtract>
