<?xml version='1.0' encoding='utf-8'?><ns:HCDSExtract xmlns:xsi="http://www.w3.org/2001/XMLSchema-instance" xmlns:ns="http://Improvement.nhs.uk/HealthcareCostingDataSet/v1.12-2122">
  <ns:MessageHeader>
    <ns:OrgSubmittingID>BRK01</ns:OrgSubmittingID>
    <ns:FinYr>FY2021-22</ns:FinYr>
    <ns:PeriodStartDate>2021-06-01</ns:PeriodStartDate>
    <ns:PeriodEndDate>2021-06-30</ns:PeriodEndDate>
    <ns:CreateDateTime>2022-05-04T11:36:00</ns:CreateDateTime>
    <ns:FeedType>CSCC</ns:FeedType>
    <ns:NoOfActivityRecords>10</ns:NoOfActivityRecords>
    <ns:TotalCosts>6455.91</ns:TotalCosts>
  </ns:MessageHeader>
  <ns:MessageBody>
    <ns:Activity>
      <ns:OrgId>BRK</ns:OrgId>
      <ns:PLEMI>A</ns:PLEMI>
      <ns:NHSNo>9999999999</ns:NHSNo>
      <ns:NhsSt>01</ns:NhsSt>
      <ns:DoB>1899-12-31</ns:DoB>
      <ns:Gendr>1</ns:Gendr>
      <ns:SerReqID>ABC45678</ns:SerReqID>
      <ns:CareId>ABC45678</ns:CareId>
      <ns:CareDte>2021-04-01</ns:CareDte>
      <ns:ClinDuration xsi:nil="true"/>
      <ns:TeamType>05</ns:TeamType>
      <ns:ConsultType xsi:nil="true"/>
      <ns:CCSubject xsi:nil="true"/>
      <ns:CMedium xsi:nil="true"/>
      <ns:LocCode>A01</ns:LocCode>
      <ns:GPTherapyInd>Y</ns:GPTherapyInd>
      <ns:ChsCcy>0OSCCRT</ns:ChsCcy>
      <ns:CstActivity>
        <ns:ActCstID>ODT005</ns:ActCstID>
        <ns:ActCnt>8991</ns:ActCnt>
        <ns:Resource>
          <ns:ResCstID>CPF011</ns:ResCstID>
          <ns:TotCst>34.05</ns:TotCst>
        </ns:Resource>
      </ns:CstActivity>
    </ns:Activity>
    <ns:Activity>
      <ns:OrgId>BRK1</ns:OrgId>
      <ns:PLEMI>ABC</ns:PLEMI>
      <ns:NHSNo xsi:nil="true"/>
      <ns:NhsSt xsi:nil="true"/>
      <ns:DoB xsi:nil="true"/>
      <ns:Gendr>2</ns:Gendr>
      <ns:SerReqID>A</ns:SerReqID>
      <ns:CareId>A</ns:CareId>
      <ns:CareDte>2021-07-20</ns:CareDte>
      <ns:TeamType>10</ns:TeamType>
      <ns:LocCode>B02</ns:LocCode>
      <ns:GPTherapyInd>N</ns:GPTherapyInd>
      <ns:ChsCcy>N11CN</ns:ChsCcy>
      <ns:CstActivity>
        <ns:ActCstID>PHA008</ns:ActCstID>
        <ns:ActCnt>4733</ns:ActCnt>
        <ns:Resource>
          <ns:ResCstID>CPF017</ns:ResCstID>
          <ns:TotCst>1234567890.12345678</ns:TotCst>
        </ns:Resource>
      </ns:CstActivity>
    </ns:Activity>
    <ns:Activity>
      <ns:OrgId>BRK01</ns:OrgId>
      <ns:PLEMI>ABD123</ns:PLEMI>
      <ns:Gendr>9</ns:Gendr>
      <ns:SerReqID>ABC45678901234567890</ns:SerReqID>
      <ns:CareId>ABC45678901234567890</ns:CareId>
      <ns:CareDte>2022-03-31</ns:CareDte>
      <ns:ClinDuration></ns:ClinDuration>
      <ns:TeamType>50</ns:TeamType>
      <ns:ConsultType></ns:ConsultType>
      <ns:CCSubject></ns:CCSubject>
      <ns:CMedium></ns:CMedium>
      <ns:LocCode>C03</ns:LocCode>
      <ns:GPTherapyInd>Z</ns:GPTherapyInd>
      <ns:ChsCcy>N14AN</ns:ChsCcy>
      <ns:CstActivity>
        <ns:ActCstID>GRP001</ns:ActCstID>
        <ns:ActCnt>3183</ns:ActCnt>
        <ns:Resource>
          <ns:ResCstID>CPF002</ns:ResCstID>
          <ns:TotCst>505.234</ns:TotCst>
        </ns:Resource>
      </ns:CstActivity>
    </ns:Activity>
    <ns:Activity>
      <ns:OrgId>BRK01</ns:OrgId>
      <ns:PLEMI>ABC-@/:</ns:PLEMI>
      <ns:NHSNo></ns:NHSNo>
      <ns:NhsSt></ns:NhsSt>
      <ns:DoB></ns:DoB>
      <ns:Gendr>X</ns:Gendr>
      <ns:SerReqID>ABC45678901234567890</ns:SerReqID>
      <ns:CareId>ABC45678901234567890</ns:CareId>
      <ns:CareDte>2021-07-20</ns:CareDte>
      <ns:ClinDuration>05</ns:ClinDuration>
      <ns:TeamType>54</ns:TeamType>
      <ns:ConsultType>01</ns:ConsultType>
      <ns:CCSubject>01</ns:CCSubject>
      <ns:CMedium>01</ns:CMedium>
      <ns:LocCode>G04</ns:LocCode>
      <ns:GPTherapyInd xsi:nil="true"/>
      <ns:ChsCcy>N22CF</ns:ChsCcy>
      <ns:CstActivity>
        <ns:ActCstID>BLD002</ns:ActCstID>
        <ns:ActCnt>123456789012345678</ns:ActCnt>
        <ns:Resource>
          <ns:ResCstID>CSC004</ns:ResCstID>
          <ns:TotCst>898.68</ns:TotCst>
        </ns:Resource>
      </ns:CstActivity>
    </ns:Activity>
    <ns:Activity>
      <ns:OrgId>BRK01</ns:OrgId>
      <ns:PLEMI>ABC5678901234567890123456789012345678901234567890</ns:PLEMI>
      <ns:NHSNo>9999999999</ns:NHSNo>
      <ns:NhsSt>05</ns:NhsSt>
      <ns:DoB>2020-03-31</ns:DoB>
      <ns:Gendr>x</ns:Gendr>
      <ns:SerReqID>ABC45678901234567890</ns:SerReqID>
      <ns:CareId>ABC45678901234567890</ns:CareId>
      <ns:CareDte>2021-07-20</ns:CareDte>
      <ns:ClinDuration>20</ns:ClinDuration>
      <ns:TeamType>05</ns:TeamType>
      <ns:ConsultType>02</ns:ConsultType>
      <ns:CCSubject>02</ns:CCSubject>
      <ns:CMedium>05</ns:CMedium>
      <ns:LocCode>X01</ns:LocCode>
      <ns:ChsCcy>N29AF</ns:ChsCcy>
      <ns:CstActivity>
        <ns:ActCstID>DIM007</ns:ActCstID>
        <ns:ActCnt>9140</ns:ActCnt>
        <ns:Resource>
          <ns:ResCstID>CPF029</ns:ResCstID>
          <ns:TotCst>739.83</ns:TotCst>
        </ns:Resource>
      </ns:CstActivity>
    </ns:Activity>
    <ns:Activity>
      <ns:OrgId>BRK01</ns:OrgId>
      <ns:PLEMI>ABC5678901234567890123456789012345678901234567890</ns:PLEMI>
      <ns:NHSNo>9999999999</ns:NHSNo>
      <ns:NhsSt>06</ns:NhsSt>
      <ns:DoB>2021-03-31</ns:DoB>
      <ns:Gendr xsi:nil="true"/>
      <ns:SerReqID>ABC45678901234567890</ns:SerReqID>
      <ns:CareId>ABC45678901234567890</ns:CareId>
      <ns:CareDte>2021-07-20</ns:CareDte>
      <ns:ClinDuration>34</ns:ClinDuration>
      <ns:TeamType>10</ns:TeamType>
      <ns:ConsultType>01</ns:ConsultType>
      <ns:CCSubject>01</ns:CCSubject>
      <ns:CMedium>98</ns:CMedium>
      <ns:LocCode xsi:nil="true"/>
      <ns:GPTherapyInd></ns:GPTherapyInd>
      <ns:ChsCcy>N29CF</ns:ChsCcy>
      <ns:CstActivity>
        <ns:ActCstID>PAT001</ns:ActCstID>
        <ns:ActCnt>233</ns:ActCnt>
        <ns:Resource>
          <ns:ResCstID>CPF032</ns:ResCstID>
          <ns:TotCst>856.59</ns:TotCst>
        </ns:Resource>
      </ns:CstActivity>
    </ns:Activity>
    <ns:Activity>
      <ns:OrgId>BRK01</ns:OrgId>
      <ns:PLEMI>ABC5678901234567890123456789012345678901234567890</ns:PLEMI>
      <ns:NHSNo>9999999999</ns:NHSNo>
      <ns:NhsSt>07</ns:NhsSt>
      <ns:DoB>2020-03-31</ns:DoB>
      <ns:SerReqID>ABC45678901234567890</ns:SerReqID>
      <ns:CareId>ABC45678901234567890</ns:CareId>
      <ns:CareDte>2021-07-20</ns:CareDte>
      <ns:ClinDuration>90</ns:ClinDuration>
      <ns:TeamType>15</ns:TeamType>
      <ns:ConsultType>02</ns:ConsultType>
      <ns:CCSubject>02</ns:CCSubject>
      <ns:CMedium>01</ns:CMedium>
      <ns:GPTherapyInd>Y</ns:GPTherapyInd>
      <ns:ChsCcy>N05SSN</ns:ChsCcy>
      <ns:CstActivity>
        <ns:ActCstID>MDT001</ns:ActCstID>
        <ns:ActCnt>9190</ns:ActCnt>
        <ns:Resource>
          <ns:ResCstID>CPF002</ns:ResCstID>
          <ns:TotCst>615.28</ns:TotCst>
        </ns:Resource>
      </ns:CstActivity>
    </ns:Activity>
    <ns:Activity>
      <ns:OrgId>BRK01</ns:OrgId>
      <ns:PLEMI>ABC5678901234567890123456789012345678901234567890</ns:PLEMI>
      <ns:NHSNo>9999999999</ns:NHSNo>
      <ns:NhsSt>08</ns:NhsSt>
      <ns:DoB>2020-03-31</ns:DoB>
      <ns:Gendr></ns:Gendr>
      <ns:SerReqID>ABC45678901234567890</ns:SerReqID>
      <ns:CareId>ABC45678901234567890</ns:CareId>
      <ns:CareDte>2021-07-20</ns:CareDte>
      <ns:ClinDuration>20</ns:ClinDuration>
      <ns:TeamType>20</ns:TeamType>
      <ns:ConsultType>01</ns:ConsultType>
      <ns:CCSubject>01</ns:CCSubject>
      <ns:CMedium>05</ns:CMedium>
      <ns:LocCode></ns:LocCode>
      <ns:GPTherapyInd>N</ns:GPTherapyInd>
      <ns:ChsCcy>N15CN</ns:ChsCcy>
      <ns:CstActivity>
        <ns:ActCstID>ODT006</ns:ActCstID>
        <ns:ActCnt>3704</ns:ActCnt>
        <ns:Resource>
          <ns:ResCstID>CPF023</ns:ResCstID>
          <ns:TotCst>512.83</ns:TotCst>
        </ns:Resource>
      </ns:CstActivity>
    </ns:Activity>
    <ns:Activity>
      <ns:OrgId>BRK01</ns:OrgId>
      <ns:PLEMI>ABC5678901234567890123456789012345678901234567890</ns:PLEMI>
      <ns:NHSNo>9999999999</ns:NHSNo>
      <ns:NhsSt>07</ns:NhsSt>
      <ns:DoB>2020-03-31</ns:DoB>
      <ns:Gendr>2</ns:Gendr>
      <ns:SerReqID>ABC45678901234567890</ns:SerReqID>
      <ns:CareId>ABC45678901234567890</ns:CareId>
      <ns:CareDte>2021-07-20</ns:CareDte>
      <ns:ClinDuration>34</ns:ClinDuration>
      <ns:TeamType>25</ns:TeamType>
      <ns:ConsultType>02</ns:ConsultType>
      <ns:CCSubject>02</ns:CCSubject>
      <ns:CMedium>98</ns:CMedium>
      <ns:LocCode>B02</ns:LocCode>
      <ns:GPTherapyInd>Z</ns:GPTherapyInd>
      <ns:ChsCcy>N29CF</ns:ChsCcy>
      <ns:CstActivity>
        <ns:ActCstID>DEV001</ns:ActCstID>
        <ns:ActCnt>7203</ns:ActCnt>
        <ns:Resource>
          <ns:ResCstID>CPF017</ns:ResCstID>
          <ns:TotCst>456.80</ns:TotCst>
        </ns:Resource>
      </ns:CstActivity>
    </ns:Activity>
    <ns:Activity>
      <ns:OrgId>BRK01</ns:OrgId>
      <ns:PLEMI>ABC5678901234567890123456789012345678901234567890</ns:PLEMI>
      <ns:NHSNo>9999999999</ns:NHSNo>
      <ns:NhsSt>07</ns:NhsSt>
      <ns:DoB>2020-03-31</ns:DoB>
      <ns:Gendr>2</ns:Gendr>
      <ns:SerReqID>ABC45678901234567890</ns:SerReqID>
      <ns:CareId>ABC45678901234567890</ns:CareId>
      <ns:CareDte>2021-07-20</ns:CareDte>
      <ns:ClinDuration>90</ns:ClinDuration>
      <ns:TeamType>30</ns:TeamType>
      <ns:ConsultType>01</ns:ConsultType>
      <ns:CCSubject>01</ns:CCSubject>
      <ns:CMedium>01</ns:CMedium>
      <ns:LocCode>C03</ns:LocCode>
      <ns:GPTherapyInd>Y</ns:GPTherapyInd>
      <ns:ChsCcy>N05SSN</ns:ChsCcy>
      <ns:CstActivity>
        <ns:ActCstID>DEV001</ns:ActCstID>
        <ns:ActCnt>5691</ns:ActCnt>
        <ns:Resource>
          <ns:ResCstID>CPF017</ns:ResCstID>
          <ns:TotCst>712.35</ns:TotCst>
        </ns:Resource>
      </ns:CstActivity>
    </ns:Activity>
  </ns:MessageBody>
</ns:HCDSExtract>
