<?xml version='1.0' encoding='utf-8'?><ns:HCDSExtract xmlns:xsi="http://www.w3.org/2001/XMLSchema-instance" xmlns:ns="http://Improvement.nhs.uk/HealthcareCostingDataSet/v1.12-2122">
  <ns:MessageHeader>
    <ns:OrgSubmittingID>OR1</ns:OrgSubmittingID>
    <ns:FinYr>FY2021-22</ns:FinYr>
    <ns:PeriodStartDate>2022-01-01</ns:PeriodStartDate>
    <ns:PeriodEndDate>2022-01-31</ns:PeriodEndDate>
    <ns:CreateDateTime>2022-10-19T16:24:00</ns:CreateDateTime>
    <ns:FeedType>CSCC</ns:FeedType>
    <ns:NoOfActivityRecords>10</ns:NoOfActivityRecords>
    <ns:TotalCosts>18432.74</ns:TotalCosts>
  </ns:MessageHeader>
  <ns:MessageBody>
    <ns:Activity>
      <ns:OrgId>OR1</ns:OrgId>
      <ns:PLEMI>DQK4051788118051783198770308786289658076858272-168</ns:PLEMI>
      <ns:NHSNo>3698612007</ns:NHSNo>
      <ns:NhsSt>05</ns:NhsSt>
      <ns:DoB>1908-08-15</ns:DoB>
      <ns:Gendr>X</ns:Gendr>
      <ns:SerReqID>31722194966051468213</ns:SerReqID>
      <ns:CareId>41112717282274049266</ns:CareId>
      <ns:CareDte>2022-01-03</ns:CareDte>
      <ns:ClinDuration>5121</ns:ClinDuration>
      <ns:TeamType>52</ns:TeamType>
      <ns:ConsultType>02</ns:ConsultType>
      <ns:CCSubject/>
      <ns:CMedium/>
      <ns:LocCode>B02</ns:LocCode>
      <ns:GPTherapyInd>N</ns:GPTherapyInd>
      <ns:ChsCcy>N05OGM</ns:ChsCcy>
      <ns:CstActivity>
        <ns:ActCstID>DIM007</ns:ActCstID>
        <ns:ActCnt>7471</ns:ActCnt>
        <ns:Resource>
          <ns:ResCstID>CPF005</ns:ResCstID>
          <ns:TotCst>566.81</ns:TotCst>
        </ns:Resource>
      </ns:CstActivity>
    </ns:Activity>
    <ns:Activity>
      <ns:OrgId>OR1</ns:OrgId>
      <ns:PLEMI>UYD9706708983950753767216919986213819771950005-296</ns:PLEMI>
      <ns:NHSNo>1712442282</ns:NHSNo>
      <ns:NhsSt>07</ns:NhsSt>
      <ns:DoB>1951-12-22</ns:DoB>
      <ns:Gendr>X</ns:Gendr>
      <ns:SerReqID>56132278010902404094</ns:SerReqID>
      <ns:CareId>66857494247213098986</ns:CareId>
      <ns:CareDte>2022-01-03</ns:CareDte>
      <ns:ClinDuration>557</ns:ClinDuration>
      <ns:TeamType>28</ns:TeamType>
      <ns:ConsultType>02</ns:ConsultType>
      <ns:CCSubject>02</ns:CCSubject>
      <ns:CMedium>01</ns:CMedium>
      <ns:LocCode>L99</ns:LocCode>
      <ns:GPTherapyInd>Y</ns:GPTherapyInd>
      <ns:ChsCcy>N06CN</ns:ChsCcy>
      <ns:CstActivity>
        <ns:ActCstID>BLD003</ns:ActCstID>
        <ns:ActCnt>8242</ns:ActCnt>
        <ns:Resource>
          <ns:ResCstID>CPF017</ns:ResCstID>
          <ns:TotCst>351.66</ns:TotCst>
        </ns:Resource>
        <ns:Resource>
          <ns:ResCstID>CPF024</ns:ResCstID>
          <ns:TotCst>224.06</ns:TotCst>
        </ns:Resource>
      </ns:CstActivity>
      <ns:CstActivity>
        <ns:ActCstID>DIM002</ns:ActCstID>
        <ns:ActCnt>5382</ns:ActCnt>
        <ns:Resource>
          <ns:ResCstID>CPF002</ns:ResCstID>
          <ns:TotCst>120.76</ns:TotCst>
        </ns:Resource>
      </ns:CstActivity>
      <ns:CstActivity>
        <ns:ActCstID>PAT003</ns:ActCstID>
        <ns:ActCnt>7830</ns:ActCnt>
        <ns:Resource>
          <ns:ResCstID>CPF010</ns:ResCstID>
          <ns:TotCst>360.30</ns:TotCst>
        </ns:Resource>
        <ns:Resource>
          <ns:ResCstID>CPF022</ns:ResCstID>
          <ns:TotCst>484.54</ns:TotCst>
        </ns:Resource>
        <ns:Resource>
          <ns:ResCstID>CPF011</ns:ResCstID>
          <ns:TotCst>835.52</ns:TotCst>
        </ns:Resource>
        <ns:Resource>
          <ns:ResCstID>CPF030</ns:ResCstID>
          <ns:TotCst>350.33</ns:TotCst>
        </ns:Resource>
      </ns:CstActivity>
    </ns:Activity>
    <ns:Activity>
      <ns:OrgId>OR1</ns:OrgId>
      <ns:PLEMI>LIZ0205704034720533599606256043146196940268660-564</ns:PLEMI>
      <ns:NHSNo>9371692364</ns:NHSNo>
      <ns:NhsSt>03</ns:NhsSt>
      <ns:DoB>2011-12-06</ns:DoB>
      <ns:Gendr/>
      <ns:SerReqID>28311559996981956889</ns:SerReqID>
      <ns:CareId>19734259770844656985</ns:CareId>
      <ns:CareDte>2022-01-12</ns:CareDte>
      <ns:ClinDuration>7791</ns:ClinDuration>
      <ns:TeamType>20</ns:TeamType>
      <ns:ConsultType>02</ns:ConsultType>
      <ns:CCSubject/>
      <ns:CMedium>02</ns:CMedium>
      <ns:LocCode>M05</ns:LocCode>
      <ns:GPTherapyInd>Y</ns:GPTherapyInd>
      <ns:ChsCcy>N29AF</ns:ChsCcy>
      <ns:CstActivity>
        <ns:ActCstID>THR003</ns:ActCstID>
        <ns:ActCnt>3671</ns:ActCnt>
        <ns:Resource>
          <ns:ResCstID>CPF022</ns:ResCstID>
          <ns:TotCst>7.45</ns:TotCst>
        </ns:Resource>
        <ns:Resource>
          <ns:ResCstID>CPF024</ns:ResCstID>
          <ns:TotCst>399.33</ns:TotCst>
        </ns:Resource>
        <ns:Resource>
          <ns:ResCstID>CPF030</ns:ResCstID>
          <ns:TotCst>37.33</ns:TotCst>
        </ns:Resource>
      </ns:CstActivity>
      <ns:CstActivity>
        <ns:ActCstID>OUT005</ns:ActCstID>
        <ns:ActCnt>7389</ns:ActCnt>
        <ns:Resource>
          <ns:ResCstID>CSC008</ns:ResCstID>
          <ns:TotCst>103.93</ns:TotCst>
        </ns:Resource>
      </ns:CstActivity>
    </ns:Activity>
    <ns:Activity>
      <ns:OrgId>OR1</ns:OrgId>
      <ns:PLEMI>JSS0480994081085235545462854246313166986840685-166</ns:PLEMI>
      <ns:NHSNo>1416158374</ns:NHSNo>
      <ns:NhsSt>07</ns:NhsSt>
      <ns:DoB>1972-05-09</ns:DoB>
      <ns:Gendr>9</ns:Gendr>
      <ns:SerReqID>95493927718644824832</ns:SerReqID>
      <ns:CareId>2337522368206805958</ns:CareId>
      <ns:CareDte>2022-01-20</ns:CareDte>
      <ns:ClinDuration>9</ns:ClinDuration>
      <ns:TeamType>28</ns:TeamType>
      <ns:ConsultType/>
      <ns:CCSubject>01</ns:CCSubject>
      <ns:CMedium>02</ns:CMedium>
      <ns:LocCode>G04</ns:LocCode>
      <ns:GPTherapyInd>N</ns:GPTherapyInd>
      <ns:ChsCcy>N07CN</ns:ChsCcy>
      <ns:CstActivity>
        <ns:ActCstID>BLD002</ns:ActCstID>
        <ns:ActCnt>1004</ns:ActCnt>
        <ns:Resource>
          <ns:ResCstID>CSC008</ns:ResCstID>
          <ns:TotCst>202.47</ns:TotCst>
        </ns:Resource>
      </ns:CstActivity>
    </ns:Activity>
    <ns:Activity>
      <ns:OrgId>OR1</ns:OrgId>
      <ns:PLEMI>FBB6475974574190265958797518419119634168490536-996</ns:PLEMI>
      <ns:NHSNo>4356885517</ns:NHSNo>
      <ns:NhsSt>04</ns:NhsSt>
      <ns:DoB>1999-03-11</ns:DoB>
      <ns:Gendr>x</ns:Gendr>
      <ns:SerReqID>69159638412163288692</ns:SerReqID>
      <ns:CareId>26657951481772022296</ns:CareId>
      <ns:CareDte>2022-01-14</ns:CareDte>
      <ns:ClinDuration>548</ns:ClinDuration>
      <ns:TeamType>39</ns:TeamType>
      <ns:ConsultType>02</ns:ConsultType>
      <ns:CCSubject>02</ns:CCSubject>
      <ns:CMedium>04</ns:CMedium>
      <ns:LocCode>C02</ns:LocCode>
      <ns:GPTherapyInd>Z</ns:GPTherapyInd>
      <ns:ChsCcy>N19CN</ns:ChsCcy>
      <ns:CstActivity>
        <ns:ActCstID>BLD003</ns:ActCstID>
        <ns:ActCnt>41</ns:ActCnt>
        <ns:Resource>
          <ns:ResCstID>CPF011</ns:ResCstID>
          <ns:TotCst>352.71</ns:TotCst>
        </ns:Resource>
      </ns:CstActivity>
      <ns:CstActivity>
        <ns:ActCstID>DIM010</ns:ActCstID>
        <ns:ActCnt>5845</ns:ActCnt>
        <ns:Resource>
          <ns:ResCstID>CPF017</ns:ResCstID>
          <ns:TotCst>663.01</ns:TotCst>
        </ns:Resource>
        <ns:Resource>
          <ns:ResCstID>CPF032</ns:ResCstID>
          <ns:TotCst>397.59</ns:TotCst>
        </ns:Resource>
        <ns:Resource>
          <ns:ResCstID>CPF010</ns:ResCstID>
          <ns:TotCst>777.81</ns:TotCst>
        </ns:Resource>
      </ns:CstActivity>
    </ns:Activity>
    <ns:Activity>
      <ns:OrgId>OR1</ns:OrgId>
      <ns:PLEMI>WST7473423407845148540534188045621669138308209-752</ns:PLEMI>
      <ns:NHSNo>6773608845</ns:NHSNo>
      <ns:NhsSt>01</ns:NhsSt>
      <ns:DoB>2015-12-22</ns:DoB>
      <ns:Gendr>2</ns:Gendr>
      <ns:SerReqID>40526585775398938166</ns:SerReqID>
      <ns:CareId>14076367259071030908</ns:CareId>
      <ns:CareDte>2022-01-19</ns:CareDte>
      <ns:ClinDuration>0</ns:ClinDuration>
      <ns:TeamType>42</ns:TeamType>
      <ns:ConsultType>02</ns:ConsultType>
      <ns:CCSubject>01</ns:CCSubject>
      <ns:CMedium/>
      <ns:LocCode>H01</ns:LocCode>
      <ns:GPTherapyInd>Y</ns:GPTherapyInd>
      <ns:ChsCcy>N20AN</ns:ChsCcy>
      <ns:CstActivity>
        <ns:ActCstID>PAT005</ns:ActCstID>
        <ns:ActCnt>9700</ns:ActCnt>
        <ns:Resource>
          <ns:ResCstID>CPF010</ns:ResCstID>
          <ns:TotCst>341.80</ns:TotCst>
        </ns:Resource>
        <ns:Resource>
          <ns:ResCstID>CPF023</ns:ResCstID>
          <ns:TotCst>806.60</ns:TotCst>
        </ns:Resource>
        <ns:Resource>
          <ns:ResCstID>CPF010</ns:ResCstID>
          <ns:TotCst>85.71</ns:TotCst>
        </ns:Resource>
        <ns:Resource>
          <ns:ResCstID>CPF017</ns:ResCstID>
          <ns:TotCst>998.00</ns:TotCst>
        </ns:Resource>
      </ns:CstActivity>
      <ns:CstActivity>
        <ns:ActCstID>COM001</ns:ActCstID>
        <ns:ActCnt>7030</ns:ActCnt>
        <ns:Resource>
          <ns:ResCstID>CSC008</ns:ResCstID>
          <ns:TotCst>745.04</ns:TotCst>
        </ns:Resource>
      </ns:CstActivity>
      <ns:CstActivity>
        <ns:ActCstID>DIM006</ns:ActCstID>
        <ns:ActCnt>715</ns:ActCnt>
        <ns:Resource>
          <ns:ResCstID>CPF017</ns:ResCstID>
          <ns:TotCst>225.51</ns:TotCst>
        </ns:Resource>
        <ns:Resource>
          <ns:ResCstID>CPF011</ns:ResCstID>
          <ns:TotCst>399.48</ns:TotCst>
        </ns:Resource>
        <ns:Resource>
          <ns:ResCstID>CSC006</ns:ResCstID>
          <ns:TotCst>552.04</ns:TotCst>
        </ns:Resource>
        <ns:Resource>
          <ns:ResCstID>CSC005</ns:ResCstID>
          <ns:TotCst>442.68</ns:TotCst>
        </ns:Resource>
      </ns:CstActivity>
    </ns:Activity>
    <ns:Activity>
      <ns:OrgId>OR1</ns:OrgId>
      <ns:PLEMI>MTO8767292055733085694605275128785061633164549-457</ns:PLEMI>
      <ns:NHSNo>9859627470</ns:NHSNo>
      <ns:NhsSt>01</ns:NhsSt>
      <ns:DoB>1994-08-13</ns:DoB>
      <ns:Gendr>X</ns:Gendr>
      <ns:SerReqID>59302550533327614589</ns:SerReqID>
      <ns:CareId>62198645047482288241</ns:CareId>
      <ns:CareDte>2022-01-07</ns:CareDte>
      <ns:ClinDuration>9</ns:ClinDuration>
      <ns:TeamType>12</ns:TeamType>
      <ns:ConsultType/>
      <ns:CCSubject/>
      <ns:CMedium>01</ns:CMedium>
      <ns:LocCode>G04</ns:LocCode>
      <ns:GPTherapyInd>Z</ns:GPTherapyInd>
      <ns:ChsCcy>N28AN</ns:ChsCcy>
      <ns:CstActivity>
        <ns:ActCstID>PAT001</ns:ActCstID>
        <ns:ActCnt>2757</ns:ActCnt>
        <ns:Resource>
          <ns:ResCstID>CPF010</ns:ResCstID>
          <ns:TotCst>326.50</ns:TotCst>
        </ns:Resource>
        <ns:Resource>
          <ns:ResCstID>CPF032</ns:ResCstID>
          <ns:TotCst>324.25</ns:TotCst>
        </ns:Resource>
      </ns:CstActivity>
      <ns:CstActivity>
        <ns:ActCstID>BLD003</ns:ActCstID>
        <ns:ActCnt>6929</ns:ActCnt>
        <ns:Resource>
          <ns:ResCstID>CPF001</ns:ResCstID>
          <ns:TotCst>299.17</ns:TotCst>
        </ns:Resource>
      </ns:CstActivity>
    </ns:Activity>
    <ns:Activity>
      <ns:OrgId>OR1</ns:OrgId>
      <ns:PLEMI>BRB9815100017915793448339797673010597344398170-075</ns:PLEMI>
      <ns:NHSNo>3679518506</ns:NHSNo>
      <ns:NhsSt>04</ns:NhsSt>
      <ns:DoB>1914-02-22</ns:DoB>
      <ns:Gendr>9</ns:Gendr>
      <ns:SerReqID>58553090216278638468</ns:SerReqID>
      <ns:CareId>31504799683454029058</ns:CareId>
      <ns:CareDte>2022-01-27</ns:CareDte>
      <ns:ClinDuration>267</ns:ClinDuration>
      <ns:TeamType>34</ns:TeamType>
      <ns:ConsultType/>
      <ns:CCSubject>02</ns:CCSubject>
      <ns:CMedium>98</ns:CMedium>
      <ns:LocCode>L05</ns:LocCode>
      <ns:GPTherapyInd>N</ns:GPTherapyInd>
      <ns:ChsCcy>A06AG</ns:ChsCcy>
      <ns:CstActivity>
        <ns:ActCstID>BLD003</ns:ActCstID>
        <ns:ActCnt>3620</ns:ActCnt>
        <ns:Resource>
          <ns:ResCstID>CPF010</ns:ResCstID>
          <ns:TotCst>165.93</ns:TotCst>
        </ns:Resource>
        <ns:Resource>
          <ns:ResCstID>CPF032</ns:ResCstID>
          <ns:TotCst>98.63</ns:TotCst>
        </ns:Resource>
        <ns:Resource>
          <ns:ResCstID>CPF030</ns:ResCstID>
          <ns:TotCst>242.97</ns:TotCst>
        </ns:Resource>
      </ns:CstActivity>
      <ns:CstActivity>
        <ns:ActCstID>PAT007</ns:ActCstID>
        <ns:ActCnt>8789</ns:ActCnt>
        <ns:Resource>
          <ns:ResCstID>CPF022</ns:ResCstID>
          <ns:TotCst>46.58</ns:TotCst>
        </ns:Resource>
        <ns:Resource>
          <ns:ResCstID>CPF030</ns:ResCstID>
          <ns:TotCst>524.38</ns:TotCst>
        </ns:Resource>
        <ns:Resource>
          <ns:ResCstID>CPF023</ns:ResCstID>
          <ns:TotCst>586.61</ns:TotCst>
        </ns:Resource>
        <ns:Resource>
          <ns:ResCstID>CPF031</ns:ResCstID>
          <ns:TotCst>203.90</ns:TotCst>
        </ns:Resource>
      </ns:CstActivity>
    </ns:Activity>
    <ns:Activity>
      <ns:OrgId>OR1</ns:OrgId>
      <ns:PLEMI>LXE3112058853175949613037349789092585653833087-038</ns:PLEMI>
      <ns:NHSNo>6878447898</ns:NHSNo>
      <ns:NhsSt>07</ns:NhsSt>
      <ns:DoB>1977-08-30</ns:DoB>
      <ns:Gendr>X</ns:Gendr>
      <ns:SerReqID>47619887999397810078</ns:SerReqID>
      <ns:CareId>90923431550906066078</ns:CareId>
      <ns:CareDte>2022-01-11</ns:CareDte>
      <ns:ClinDuration>266</ns:ClinDuration>
      <ns:TeamType>13</ns:TeamType>
      <ns:ConsultType>01</ns:ConsultType>
      <ns:CCSubject/>
      <ns:CMedium>02</ns:CMedium>
      <ns:LocCode>E99</ns:LocCode>
      <ns:GPTherapyInd>Y</ns:GPTherapyInd>
      <ns:ChsCcy>N26CF</ns:ChsCcy>
      <ns:CstActivity>
        <ns:ActCstID>OUT004</ns:ActCstID>
        <ns:ActCnt>1686</ns:ActCnt>
        <ns:Resource>
          <ns:ResCstID>CPF011</ns:ResCstID>
          <ns:TotCst>5.34</ns:TotCst>
        </ns:Resource>
        <ns:Resource>
          <ns:ResCstID>CPF024</ns:ResCstID>
          <ns:TotCst>550.63</ns:TotCst>
        </ns:Resource>
        <ns:Resource>
          <ns:ResCstID>CPF032</ns:ResCstID>
          <ns:TotCst>787.54</ns:TotCst>
        </ns:Resource>
        <ns:Resource>
          <ns:ResCstID>CPF032</ns:ResCstID>
          <ns:TotCst>992.32</ns:TotCst>
        </ns:Resource>
      </ns:CstActivity>
    </ns:Activity>
    <ns:Activity>
      <ns:OrgId>OR1</ns:OrgId>
      <ns:PLEMI>FAB6729954068657706408699908102418970697870233-423</ns:PLEMI>
      <ns:NHSNo>2983304452</ns:NHSNo>
      <ns:NhsSt>05</ns:NhsSt>
      <ns:DoB>2013-04-13</ns:DoB>
      <ns:Gendr>2</ns:Gendr>
      <ns:SerReqID>56328361475810421900</ns:SerReqID>
      <ns:CareId>45939002515274096256</ns:CareId>
      <ns:CareDte>2022-01-16</ns:CareDte>
      <ns:ClinDuration>7</ns:ClinDuration>
      <ns:TeamType>45</ns:TeamType>
      <ns:ConsultType>01</ns:ConsultType>
      <ns:CCSubject>01</ns:CCSubject>
      <ns:CMedium>06</ns:CMedium>
      <ns:LocCode>F01</ns:LocCode>
      <ns:GPTherapyInd>N</ns:GPTherapyInd>
      <ns:ChsCcy>A08C1</ns:ChsCcy>
      <ns:CstActivity>
        <ns:ActCstID>BLD003</ns:ActCstID>
        <ns:ActCnt>6834</ns:ActCnt>
        <ns:Resource>
          <ns:ResCstID>CPF031</ns:ResCstID>
          <ns:TotCst>302.95</ns:TotCst>
        </ns:Resource>
        <ns:Resource>
          <ns:ResCstID>CPF001</ns:ResCstID>
          <ns:TotCst>729.17</ns:TotCst>
        </ns:Resource>
        <ns:Resource>
          <ns:ResCstID>CPF031</ns:ResCstID>
          <ns:TotCst>382.89</ns:TotCst>
        </ns:Resource>
      </ns:CstActivity>
      <ns:CstActivity>
        <ns:ActCstID>THR001</ns:ActCstID>
        <ns:ActCnt>2395</ns:ActCnt>
        <ns:Resource>
          <ns:ResCstID>CSC006</ns:ResCstID>
          <ns:TotCst>38.13</ns:TotCst>
        </ns:Resource>
      </ns:CstActivity>
      <ns:CstActivity>
        <ns:ActCstID>ODT005</ns:ActCstID>
        <ns:ActCnt>5148</ns:ActCnt>
        <ns:Resource>
          <ns:ResCstID>CPF030</ns:ResCstID>
          <ns:TotCst>877.28</ns:TotCst>
        </ns:Resource>
        <ns:Resource>
          <ns:ResCstID>CPF010</ns:ResCstID>
          <ns:TotCst>115.10</ns:TotCst>
        </ns:Resource>
      </ns:CstActivity>
    </ns:Activity>
  </ns:MessageBody>
</ns:HCDSExtract>
