<?xml version='1.0' encoding='utf-8'?><ns:HCDSExtract xmlns:xsi="http://www.w3.org/2001/XMLSchema-instance" xmlns:ns="http://Improvement.nhs.uk/HealthcareCostingDataSet/v1.12-2122">
  <ns:MessageHeader>
    <ns:OrgSubmittingID>RRK</ns:OrgSubmittingID>
    <ns:FinYr>FY2021-22</ns:FinYr>
    <ns:PeriodStartDate>2021-07-01</ns:PeriodStartDate>
    <ns:PeriodEndDate>2021-07-31</ns:PeriodEndDate>
    <ns:CreateDateTime>2022-08-09T09:13:00</ns:CreateDateTime>
    <ns:FeedType>EC</ns:FeedType>
    <ns:NoOfActivityRecords>20</ns:NoOfActivityRecords>
    <ns:TotalCosts>59795.92</ns:TotalCosts>
  </ns:MessageHeader>
  <ns:MessageBody>
    <ns:Activity>
      <ns:OrgId>RRK</ns:OrgId>
      <ns:CDSID>51674036090071961391886475034924298</ns:CDSID>
      <ns:NHSNo>7422729374</ns:NHSNo>
      <ns:NhsSt>08</ns:NhsSt>
      <ns:Postcd>N5H 6GA</ns:Postcd>
      <ns:DoB>1921-04-25</ns:DoB>
      <ns:Gendr>x</ns:Gendr>
      <ns:AttID>425608750379</ns:AttID>
      <ns:ArrDate>2021-07-15</ns:ArrDate>
      <ns:ArrTime>09:57:27</ns:ArrTime>
      <ns:DepTyp>01</ns:DepTyp>
      <ns:DepDate>2021-07-15</ns:DepDate>
      <ns:DepTime>13:00:31</ns:DepTime>
      <ns:HRG>VB05Z</ns:HRG>
      <ns:CstActivity>
        <ns:ActCstID>MDT001</ns:ActCstID>
        <ns:ActCnt>5050</ns:ActCnt>
        <ns:Resource>
          <ns:ResCstID>CPF010</ns:ResCstID>
          <ns:TotCst>379.52</ns:TotCst>
        </ns:Resource>
      </ns:CstActivity>
      <ns:CstActivity>
        <ns:ActCstID>MDT001</ns:ActCstID>
        <ns:ActCnt>7338</ns:ActCnt>
        <ns:Resource>
          <ns:ResCstID>CPF011</ns:ResCstID>
          <ns:TotCst>859.43</ns:TotCst>
        </ns:Resource>
      </ns:CstActivity>
    </ns:Activity>
    <ns:Activity>
      <ns:OrgId>RRK</ns:OrgId>
      <ns:CDSID>15372106394304554360579816145506330</ns:CDSID>
      <ns:NHSNo>6422218673</ns:NHSNo>
      <ns:NhsSt>05</ns:NhsSt>
      <ns:Postcd>BT4 5TN</ns:Postcd>
      <ns:DoB>1977-07-04</ns:DoB>
      <ns:Gendr>x</ns:Gendr>
      <ns:AttID>988033758402</ns:AttID>
      <ns:ArrDate>2021-07-13</ns:ArrDate>
      <ns:ArrTime>23:03:14</ns:ArrTime>
      <ns:DepTyp>01</ns:DepTyp>
      <ns:DepDate>2021-07-14</ns:DepDate>
      <ns:DepTime>06:36:07</ns:DepTime>
      <ns:HRG>VB01Z</ns:HRG>
      <ns:CstActivity>
        <ns:ActCstID>BLD003</ns:ActCstID>
        <ns:ActCnt>7811</ns:ActCnt>
        <ns:Resource>
          <ns:ResCstID>CPF017</ns:ResCstID>
          <ns:TotCst>183.43</ns:TotCst>
        </ns:Resource>
      </ns:CstActivity>
      <ns:CstActivity>
        <ns:ActCstID>BLD002</ns:ActCstID>
        <ns:ActCnt>5512</ns:ActCnt>
        <ns:Resource>
          <ns:ResCstID>CPF005</ns:ResCstID>
          <ns:TotCst>938.75</ns:TotCst>
        </ns:Resource>
        <ns:Resource>
          <ns:ResCstID>CPF005</ns:ResCstID>
          <ns:TotCst>100.86</ns:TotCst>
        </ns:Resource>
        <ns:Resource>
          <ns:ResCstID>CPF024</ns:ResCstID>
          <ns:TotCst>441.46</ns:TotCst>
        </ns:Resource>
      </ns:CstActivity>
    </ns:Activity>
    <ns:Activity>
      <ns:OrgId>RRK</ns:OrgId>
      <ns:CDSID>94065471135462455448142666113356197</ns:CDSID>
      <ns:NHSNo>7391537842</ns:NHSNo>
      <ns:NhsSt>07</ns:NhsSt>
      <ns:Postcd>N1 0LH</ns:Postcd>
      <ns:DoB>1953-05-11</ns:DoB>
      <ns:Gendr>2</ns:Gendr>
      <ns:AttID>103034238237</ns:AttID>
      <ns:ArrDate>2021-07-15</ns:ArrDate>
      <ns:ArrTime>21:33:46</ns:ArrTime>
      <ns:DepTyp>03</ns:DepTyp>
      <ns:DepDate>2021-07-15</ns:DepDate>
      <ns:DepTime>22:25:36</ns:DepTime>
      <ns:HRG>VB05Z</ns:HRG>
      <ns:CstActivity>
        <ns:ActCstID>PAT005</ns:ActCstID>
        <ns:ActCnt>3679</ns:ActCnt>
        <ns:Resource>
          <ns:ResCstID>CPF005</ns:ResCstID>
          <ns:TotCst>153.97</ns:TotCst>
        </ns:Resource>
        <ns:Resource>
          <ns:ResCstID>CPF023</ns:ResCstID>
          <ns:TotCst>284.90</ns:TotCst>
        </ns:Resource>
        <ns:Resource>
          <ns:ResCstID>CPF002</ns:ResCstID>
          <ns:TotCst>372.12</ns:TotCst>
        </ns:Resource>
      </ns:CstActivity>
      <ns:CstActivity>
        <ns:ActCstID>DIM004</ns:ActCstID>
        <ns:ActCnt>2817</ns:ActCnt>
        <ns:Resource>
          <ns:ResCstID>CPF031</ns:ResCstID>
          <ns:TotCst>136.30</ns:TotCst>
        </ns:Resource>
        <ns:Resource>
          <ns:ResCstID>CPF029</ns:ResCstID>
          <ns:TotCst>468.31</ns:TotCst>
        </ns:Resource>
      </ns:CstActivity>
      <ns:CstActivity>
        <ns:ActCstID>COM001</ns:ActCstID>
        <ns:ActCnt>7721</ns:ActCnt>
        <ns:Resource>
          <ns:ResCstID>CPF002</ns:ResCstID>
          <ns:TotCst>198.17</ns:TotCst>
        </ns:Resource>
      </ns:CstActivity>
    </ns:Activity>
    <ns:Activity>
      <ns:OrgId>RRK</ns:OrgId>
      <ns:CDSID>87808703448696789960363650499345979</ns:CDSID>
      <ns:NHSNo>9501295824</ns:NHSNo>
      <ns:NhsSt>06</ns:NhsSt>
      <ns:Postcd>SW3W 1HJ</ns:Postcd>
      <ns:DoB>1992-12-26</ns:DoB>
      <ns:Gendr>1</ns:Gendr>
      <ns:AttID>267989284156</ns:AttID>
      <ns:ArrDate>2021-07-11</ns:ArrDate>
      <ns:ArrTime>07:41:37</ns:ArrTime>
      <ns:DepTyp>03</ns:DepTyp>
      <ns:DepDate>2021-07-11</ns:DepDate>
      <ns:DepTime>10:51:20</ns:DepTime>
      <ns:HRG>VB04Z</ns:HRG>
      <ns:CstActivity>
        <ns:ActCstID>GRP001</ns:ActCstID>
        <ns:ActCnt>7176</ns:ActCnt>
        <ns:Resource>
          <ns:ResCstID>CPF029</ns:ResCstID>
          <ns:TotCst>535.10</ns:TotCst>
        </ns:Resource>
        <ns:Resource>
          <ns:ResCstID>CPF011</ns:ResCstID>
          <ns:TotCst>45.74</ns:TotCst>
        </ns:Resource>
        <ns:Resource>
          <ns:ResCstID>CPF017</ns:ResCstID>
          <ns:TotCst>600.78</ns:TotCst>
        </ns:Resource>
      </ns:CstActivity>
    </ns:Activity>
    <ns:Activity>
      <ns:OrgId>RRK</ns:OrgId>
      <ns:CDSID>64844545040300587810815204259089904</ns:CDSID>
      <ns:NHSNo>3078754338</ns:NHSNo>
      <ns:NhsSt/>
      <ns:Postcd>BD1 8GW</ns:Postcd>
      <ns:DoB>1974-03-23</ns:DoB>
      <ns:Gendr>X</ns:Gendr>
      <ns:AttID>162443547171</ns:AttID>
      <ns:ArrDate>2021-07-03</ns:ArrDate>
      <ns:ArrTime>22:33:00</ns:ArrTime>
      <ns:DepTyp>02</ns:DepTyp>
      <ns:DepDate>2021-07-04</ns:DepDate>
      <ns:DepTime>04:01:59</ns:DepTime>
      <ns:HRG>VB10Z</ns:HRG>
      <ns:CstActivity>
        <ns:ActCstID>DIM002</ns:ActCstID>
        <ns:ActCnt>7644</ns:ActCnt>
        <ns:Resource>
          <ns:ResCstID>CPF005</ns:ResCstID>
          <ns:TotCst>441.33</ns:TotCst>
        </ns:Resource>
      </ns:CstActivity>
      <ns:CstActivity>
        <ns:ActCstID>SPS004</ns:ActCstID>
        <ns:ActCnt>7464</ns:ActCnt>
        <ns:Resource>
          <ns:ResCstID>CPF005</ns:ResCstID>
          <ns:TotCst>896.92</ns:TotCst>
        </ns:Resource>
        <ns:Resource>
          <ns:ResCstID>CSC004</ns:ResCstID>
          <ns:TotCst>347.87</ns:TotCst>
        </ns:Resource>
        <ns:Resource>
          <ns:ResCstID>CSC006</ns:ResCstID>
          <ns:TotCst>299.26</ns:TotCst>
        </ns:Resource>
        <ns:Resource>
          <ns:ResCstID>CPF005</ns:ResCstID>
          <ns:TotCst>124.20</ns:TotCst>
        </ns:Resource>
      </ns:CstActivity>
      <ns:CstActivity>
        <ns:ActCstID>PAT001</ns:ActCstID>
        <ns:ActCnt>1302</ns:ActCnt>
        <ns:Resource>
          <ns:ResCstID>CPF023</ns:ResCstID>
          <ns:TotCst>346.48</ns:TotCst>
        </ns:Resource>
        <ns:Resource>
          <ns:ResCstID>CSC008</ns:ResCstID>
          <ns:TotCst>879.41</ns:TotCst>
        </ns:Resource>
      </ns:CstActivity>
    </ns:Activity>
    <ns:Activity>
      <ns:OrgId>RRK</ns:OrgId>
      <ns:CDSID>9485782971177801198806876219869847</ns:CDSID>
      <ns:NHSNo>6820149649</ns:NHSNo>
      <ns:NhsSt>04</ns:NhsSt>
      <ns:Postcd>CM04 4UZ</ns:Postcd>
      <ns:DoB>1962-07-09</ns:DoB>
      <ns:Gendr>9</ns:Gendr>
      <ns:AttID>677748819809</ns:AttID>
      <ns:ArrDate>2021-07-08</ns:ArrDate>
      <ns:ArrTime>21:06:13</ns:ArrTime>
      <ns:DepTyp>04</ns:DepTyp>
      <ns:DepDate>2021-07-09</ns:DepDate>
      <ns:DepTime>04:26:50</ns:DepTime>
      <ns:HRG>VB03Z</ns:HRG>
      <ns:CstActivity>
        <ns:ActCstID>PAT001</ns:ActCstID>
        <ns:ActCnt>7631</ns:ActCnt>
        <ns:Resource>
          <ns:ResCstID>CPF002</ns:ResCstID>
          <ns:TotCst>784.46</ns:TotCst>
        </ns:Resource>
        <ns:Resource>
          <ns:ResCstID>CPF010</ns:ResCstID>
          <ns:TotCst>437.80</ns:TotCst>
        </ns:Resource>
        <ns:Resource>
          <ns:ResCstID>CPF005</ns:ResCstID>
          <ns:TotCst>987.62</ns:TotCst>
        </ns:Resource>
        <ns:Resource>
          <ns:ResCstID>CPF032</ns:ResCstID>
          <ns:TotCst>773.83</ns:TotCst>
        </ns:Resource>
      </ns:CstActivity>
      <ns:CstActivity>
        <ns:ActCstID>SPS001</ns:ActCstID>
        <ns:ActCnt>9580</ns:ActCnt>
        <ns:Resource>
          <ns:ResCstID>CPF005</ns:ResCstID>
          <ns:TotCst>832.17</ns:TotCst>
        </ns:Resource>
        <ns:Resource>
          <ns:ResCstID>CPF024</ns:ResCstID>
          <ns:TotCst>644.90</ns:TotCst>
        </ns:Resource>
        <ns:Resource>
          <ns:ResCstID>CPF017</ns:ResCstID>
          <ns:TotCst>719.56</ns:TotCst>
        </ns:Resource>
        <ns:Resource>
          <ns:ResCstID>CPF005</ns:ResCstID>
          <ns:TotCst>417.79</ns:TotCst>
        </ns:Resource>
      </ns:CstActivity>
      <ns:CstActivity>
        <ns:ActCstID>SPS004</ns:ActCstID>
        <ns:ActCnt>3861</ns:ActCnt>
        <ns:Resource>
          <ns:ResCstID>CPF029</ns:ResCstID>
          <ns:TotCst>536.58</ns:TotCst>
        </ns:Resource>
        <ns:Resource>
          <ns:ResCstID>CPF031</ns:ResCstID>
          <ns:TotCst>359.78</ns:TotCst>
        </ns:Resource>
      </ns:CstActivity>
    </ns:Activity>
    <ns:Activity>
      <ns:OrgId>RRK</ns:OrgId>
      <ns:CDSID>77159969784377849761654870955258620</ns:CDSID>
      <ns:NHSNo>7865176430</ns:NHSNo>
      <ns:NhsSt>05</ns:NhsSt>
      <ns:Postcd>WD4M 5PU</ns:Postcd>
      <ns:DoB>2018-04-20</ns:DoB>
      <ns:Gendr>2</ns:Gendr>
      <ns:AttID>538076842996</ns:AttID>
      <ns:ArrDate>2021-07-11</ns:ArrDate>
      <ns:ArrTime>15:03:04</ns:ArrTime>
      <ns:DepTyp>04</ns:DepTyp>
      <ns:DepDate>2021-07-11</ns:DepDate>
      <ns:DepTime>15:38:28</ns:DepTime>
      <ns:HRG>VB02Z</ns:HRG>
      <ns:CstActivity>
        <ns:ActCstID>PAT007</ns:ActCstID>
        <ns:ActCnt>4157</ns:ActCnt>
        <ns:Resource>
          <ns:ResCstID>CPF010</ns:ResCstID>
          <ns:TotCst>717.99</ns:TotCst>
        </ns:Resource>
        <ns:Resource>
          <ns:ResCstID>CPF017</ns:ResCstID>
          <ns:TotCst>800.23</ns:TotCst>
        </ns:Resource>
        <ns:Resource>
          <ns:ResCstID>CPF002</ns:ResCstID>
          <ns:TotCst>593.01</ns:TotCst>
        </ns:Resource>
      </ns:CstActivity>
    </ns:Activity>
    <ns:Activity>
      <ns:OrgId>RRK</ns:OrgId>
      <ns:CDSID>97578196345705529676441033267232416</ns:CDSID>
      <ns:NHSNo>4876929436</ns:NHSNo>
      <ns:NhsSt>03</ns:NhsSt>
      <ns:Postcd>E20 7JE</ns:Postcd>
      <ns:DoB>1957-02-02</ns:DoB>
      <ns:Gendr>2</ns:Gendr>
      <ns:AttID>418640401601</ns:AttID>
      <ns:ArrDate>2021-07-06</ns:ArrDate>
      <ns:ArrTime>12:05:24</ns:ArrTime>
      <ns:DepTyp>04</ns:DepTyp>
      <ns:DepDate>2021-07-06</ns:DepDate>
      <ns:DepTime>14:09:27</ns:DepTime>
      <ns:HRG>VB06Z</ns:HRG>
      <ns:CstActivity>
        <ns:ActCstID>PHA007</ns:ActCstID>
        <ns:ActCnt>3295</ns:ActCnt>
        <ns:Resource>
          <ns:ResCstID>CSC006</ns:ResCstID>
          <ns:TotCst>763.00</ns:TotCst>
        </ns:Resource>
      </ns:CstActivity>
      <ns:CstActivity>
        <ns:ActCstID>PAT004</ns:ActCstID>
        <ns:ActCnt>8994</ns:ActCnt>
        <ns:Resource>
          <ns:ResCstID>CPF023</ns:ResCstID>
          <ns:TotCst>722.96</ns:TotCst>
        </ns:Resource>
        <ns:Resource>
          <ns:ResCstID>CPF029</ns:ResCstID>
          <ns:TotCst>787.90</ns:TotCst>
        </ns:Resource>
        <ns:Resource>
          <ns:ResCstID>CPF024</ns:ResCstID>
          <ns:TotCst>525.58</ns:TotCst>
        </ns:Resource>
        <ns:Resource>
          <ns:ResCstID>CPF011</ns:ResCstID>
          <ns:TotCst>462.00</ns:TotCst>
        </ns:Resource>
      </ns:CstActivity>
      <ns:CstActivity>
        <ns:ActCstID>ODT006</ns:ActCstID>
        <ns:ActCnt>3408</ns:ActCnt>
        <ns:Resource>
          <ns:ResCstID>CPF022</ns:ResCstID>
          <ns:TotCst>591.48</ns:TotCst>
        </ns:Resource>
      </ns:CstActivity>
    </ns:Activity>
    <ns:Activity>
      <ns:OrgId>RRK</ns:OrgId>
      <ns:CDSID>65639587967883188570346211107972458</ns:CDSID>
      <ns:NHSNo>9467144535</ns:NHSNo>
      <ns:NhsSt>03</ns:NhsSt>
      <ns:Postcd>CA69 1LD</ns:Postcd>
      <ns:DoB>2004-08-08</ns:DoB>
      <ns:Gendr/>
      <ns:AttID>228099995545</ns:AttID>
      <ns:ArrDate>2021-07-14</ns:ArrDate>
      <ns:ArrTime>21:33:46</ns:ArrTime>
      <ns:DepTyp>03</ns:DepTyp>
      <ns:DepDate>2021-07-15</ns:DepDate>
      <ns:DepTime>00:01:07</ns:DepTime>
      <ns:HRG>VB05Z</ns:HRG>
      <ns:CstActivity>
        <ns:ActCstID>DIM005</ns:ActCstID>
        <ns:ActCnt>1177</ns:ActCnt>
        <ns:Resource>
          <ns:ResCstID>CSC005</ns:ResCstID>
          <ns:TotCst>903.01</ns:TotCst>
        </ns:Resource>
        <ns:Resource>
          <ns:ResCstID>CPF032</ns:ResCstID>
          <ns:TotCst>780.35</ns:TotCst>
        </ns:Resource>
      </ns:CstActivity>
      <ns:CstActivity>
        <ns:ActCstID>SPS001</ns:ActCstID>
        <ns:ActCnt>9241</ns:ActCnt>
        <ns:Resource>
          <ns:ResCstID>CPF011</ns:ResCstID>
          <ns:TotCst>660.15</ns:TotCst>
        </ns:Resource>
        <ns:Resource>
          <ns:ResCstID>CPF024</ns:ResCstID>
          <ns:TotCst>81.57</ns:TotCst>
        </ns:Resource>
      </ns:CstActivity>
      <ns:CstActivity>
        <ns:ActCstID>OUT006</ns:ActCstID>
        <ns:ActCnt>4428</ns:ActCnt>
        <ns:Resource>
          <ns:ResCstID>CPF017</ns:ResCstID>
          <ns:TotCst>577.25</ns:TotCst>
        </ns:Resource>
      </ns:CstActivity>
    </ns:Activity>
    <ns:Activity>
      <ns:OrgId>RRK</ns:OrgId>
      <ns:CDSID>84600872902102436644648148025932335</ns:CDSID>
      <ns:NHSNo>7862054130</ns:NHSNo>
      <ns:NhsSt>06</ns:NhsSt>
      <ns:Postcd>YO28 7AD</ns:Postcd>
      <ns:DoB>1998-10-24</ns:DoB>
      <ns:Gendr>9</ns:Gendr>
      <ns:AttID>650454316866</ns:AttID>
      <ns:ArrDate>2021-07-07</ns:ArrDate>
      <ns:ArrTime>18:19:44</ns:ArrTime>
      <ns:DepTyp>01</ns:DepTyp>
      <ns:DepDate>2021-07-07</ns:DepDate>
      <ns:DepTime>23:28:00</ns:DepTime>
      <ns:HRG>VB09Z</ns:HRG>
      <ns:CstActivity>
        <ns:ActCstID>WRD001</ns:ActCstID>
        <ns:ActCnt>8792</ns:ActCnt>
        <ns:Resource>
          <ns:ResCstID>CPF024</ns:ResCstID>
          <ns:TotCst>611.58</ns:TotCst>
        </ns:Resource>
      </ns:CstActivity>
      <ns:CstActivity>
        <ns:ActCstID>THR003</ns:ActCstID>
        <ns:ActCnt>3991</ns:ActCnt>
        <ns:Resource>
          <ns:ResCstID>CPF005</ns:ResCstID>
          <ns:TotCst>639.98</ns:TotCst>
        </ns:Resource>
      </ns:CstActivity>
      <ns:CstActivity>
        <ns:ActCstID>MDT001</ns:ActCstID>
        <ns:ActCnt>3441</ns:ActCnt>
        <ns:Resource>
          <ns:ResCstID>CPF011</ns:ResCstID>
          <ns:TotCst>192.05</ns:TotCst>
        </ns:Resource>
        <ns:Resource>
          <ns:ResCstID>CPF029</ns:ResCstID>
          <ns:TotCst>91.90</ns:TotCst>
        </ns:Resource>
        <ns:Resource>
          <ns:ResCstID>CPF030</ns:ResCstID>
          <ns:TotCst>71.98</ns:TotCst>
        </ns:Resource>
      </ns:CstActivity>
    </ns:Activity>
    <ns:Activity>
      <ns:OrgId>RRK</ns:OrgId>
      <ns:CDSID>50111772738184008988534938857669717</ns:CDSID>
      <ns:NHSNo>4681676339</ns:NHSNo>
      <ns:NhsSt>08</ns:NhsSt>
      <ns:Postcd>L8 4GX</ns:Postcd>
      <ns:DoB>1953-09-17</ns:DoB>
      <ns:Gendr/>
      <ns:AttID>669447849030</ns:AttID>
      <ns:ArrDate>2021-07-09</ns:ArrDate>
      <ns:ArrTime>07:19:52</ns:ArrTime>
      <ns:DepTyp>02</ns:DepTyp>
      <ns:DepDate>2021-07-09</ns:DepDate>
      <ns:DepTime>12:54:30</ns:DepTime>
      <ns:HRG>VB09Z</ns:HRG>
      <ns:CstActivity>
        <ns:ActCstID>PAT006</ns:ActCstID>
        <ns:ActCnt>7075</ns:ActCnt>
        <ns:Resource>
          <ns:ResCstID>CPF022</ns:ResCstID>
          <ns:TotCst>407.50</ns:TotCst>
        </ns:Resource>
        <ns:Resource>
          <ns:ResCstID>CPF022</ns:ResCstID>
          <ns:TotCst>229.81</ns:TotCst>
        </ns:Resource>
        <ns:Resource>
          <ns:ResCstID>CSC006</ns:ResCstID>
          <ns:TotCst>241.68</ns:TotCst>
        </ns:Resource>
      </ns:CstActivity>
      <ns:CstActivity>
        <ns:ActCstID>DIM004</ns:ActCstID>
        <ns:ActCnt>6522</ns:ActCnt>
        <ns:Resource>
          <ns:ResCstID>CPF017</ns:ResCstID>
          <ns:TotCst>563.73</ns:TotCst>
        </ns:Resource>
        <ns:Resource>
          <ns:ResCstID>CPF011</ns:ResCstID>
          <ns:TotCst>211.21</ns:TotCst>
        </ns:Resource>
      </ns:CstActivity>
      <ns:CstActivity>
        <ns:ActCstID>ODT007</ns:ActCstID>
        <ns:ActCnt>4169</ns:ActCnt>
        <ns:Resource>
          <ns:ResCstID>CPF005</ns:ResCstID>
          <ns:TotCst>517.24</ns:TotCst>
        </ns:Resource>
        <ns:Resource>
          <ns:ResCstID>CPF010</ns:ResCstID>
          <ns:TotCst>749.18</ns:TotCst>
        </ns:Resource>
        <ns:Resource>
          <ns:ResCstID>CPF024</ns:ResCstID>
          <ns:TotCst>810.50</ns:TotCst>
        </ns:Resource>
        <ns:Resource>
          <ns:ResCstID>CPF010</ns:ResCstID>
          <ns:TotCst>515.54</ns:TotCst>
        </ns:Resource>
      </ns:CstActivity>
    </ns:Activity>
    <ns:Activity>
      <ns:OrgId>RRK</ns:OrgId>
      <ns:CDSID>58102575980817563654903600769804788</ns:CDSID>
      <ns:NHSNo>2973658755</ns:NHSNo>
      <ns:NhsSt>07</ns:NhsSt>
      <ns:Postcd>GL25 0LU</ns:Postcd>
      <ns:DoB>2000-11-03</ns:DoB>
      <ns:Gendr>X</ns:Gendr>
      <ns:AttID>334407028848</ns:AttID>
      <ns:ArrDate>2021-07-24</ns:ArrDate>
      <ns:ArrTime>02:21:46</ns:ArrTime>
      <ns:DepTyp>04</ns:DepTyp>
      <ns:DepDate>2021-07-24</ns:DepDate>
      <ns:DepTime>04:17:51</ns:DepTime>
      <ns:HRG>VB07Z</ns:HRG>
      <ns:CstActivity>
        <ns:ActCstID>PAT006</ns:ActCstID>
        <ns:ActCnt>155</ns:ActCnt>
        <ns:Resource>
          <ns:ResCstID>CPF032</ns:ResCstID>
          <ns:TotCst>364.55</ns:TotCst>
        </ns:Resource>
        <ns:Resource>
          <ns:ResCstID>CPF023</ns:ResCstID>
          <ns:TotCst>735.38</ns:TotCst>
        </ns:Resource>
        <ns:Resource>
          <ns:ResCstID>CPF017</ns:ResCstID>
          <ns:TotCst>836.79</ns:TotCst>
        </ns:Resource>
        <ns:Resource>
          <ns:ResCstID>CPF031</ns:ResCstID>
          <ns:TotCst>710.82</ns:TotCst>
        </ns:Resource>
      </ns:CstActivity>
      <ns:CstActivity>
        <ns:ActCstID>PAT002</ns:ActCstID>
        <ns:ActCnt>4406</ns:ActCnt>
        <ns:Resource>
          <ns:ResCstID>CPF024</ns:ResCstID>
          <ns:TotCst>142.81</ns:TotCst>
        </ns:Resource>
        <ns:Resource>
          <ns:ResCstID>CPF032</ns:ResCstID>
          <ns:TotCst>231.51</ns:TotCst>
        </ns:Resource>
      </ns:CstActivity>
    </ns:Activity>
    <ns:Activity>
      <ns:OrgId>RRK</ns:OrgId>
      <ns:CDSID>64315378960474265552584314724350245</ns:CDSID>
      <ns:NHSNo>3624878482</ns:NHSNo>
      <ns:NhsSt>03</ns:NhsSt>
      <ns:Postcd>L71 8ZU</ns:Postcd>
      <ns:DoB>1909-04-27</ns:DoB>
      <ns:Gendr/>
      <ns:AttID>794460785667</ns:AttID>
      <ns:ArrDate>2021-07-08</ns:ArrDate>
      <ns:ArrTime>17:08:56</ns:ArrTime>
      <ns:DepTyp>02</ns:DepTyp>
      <ns:DepDate>2021-07-08</ns:DepDate>
      <ns:DepTime>23:33:48</ns:DepTime>
      <ns:HRG>VB10Z</ns:HRG>
      <ns:CstActivity>
        <ns:ActCstID>MDT001</ns:ActCstID>
        <ns:ActCnt>3173</ns:ActCnt>
        <ns:Resource>
          <ns:ResCstID>CPF023</ns:ResCstID>
          <ns:TotCst>247.72</ns:TotCst>
        </ns:Resource>
        <ns:Resource>
          <ns:ResCstID>CPF001</ns:ResCstID>
          <ns:TotCst>238.75</ns:TotCst>
        </ns:Resource>
        <ns:Resource>
          <ns:ResCstID>CPF023</ns:ResCstID>
          <ns:TotCst>990.69</ns:TotCst>
        </ns:Resource>
      </ns:CstActivity>
    </ns:Activity>
    <ns:Activity>
      <ns:OrgId>RRK</ns:OrgId>
      <ns:CDSID>81325928451218301345529563589497244</ns:CDSID>
      <ns:NHSNo>9888471017</ns:NHSNo>
      <ns:NhsSt>02</ns:NhsSt>
      <ns:Postcd>M1C 3NH</ns:Postcd>
      <ns:DoB>1946-11-24</ns:DoB>
      <ns:Gendr>2</ns:Gendr>
      <ns:AttID>736394703708</ns:AttID>
      <ns:ArrDate>2021-07-22</ns:ArrDate>
      <ns:ArrTime>21:33:51</ns:ArrTime>
      <ns:DepTyp>03</ns:DepTyp>
      <ns:DepDate>2021-07-23</ns:DepDate>
      <ns:DepTime>02:17:30</ns:DepTime>
      <ns:HRG>VB07Z</ns:HRG>
      <ns:CstActivity>
        <ns:ActCstID>PHA003</ns:ActCstID>
        <ns:ActCnt>1225</ns:ActCnt>
        <ns:Resource>
          <ns:ResCstID>CSC004</ns:ResCstID>
          <ns:TotCst>830.79</ns:TotCst>
        </ns:Resource>
        <ns:Resource>
          <ns:ResCstID>CPF031</ns:ResCstID>
          <ns:TotCst>532.06</ns:TotCst>
        </ns:Resource>
        <ns:Resource>
          <ns:ResCstID>CSC004</ns:ResCstID>
          <ns:TotCst>1.76</ns:TotCst>
        </ns:Resource>
        <ns:Resource>
          <ns:ResCstID>CPF031</ns:ResCstID>
          <ns:TotCst>274.01</ns:TotCst>
        </ns:Resource>
      </ns:CstActivity>
      <ns:CstActivity>
        <ns:ActCstID>BLD003</ns:ActCstID>
        <ns:ActCnt>9640</ns:ActCnt>
        <ns:Resource>
          <ns:ResCstID>CPF005</ns:ResCstID>
          <ns:TotCst>285.86</ns:TotCst>
        </ns:Resource>
        <ns:Resource>
          <ns:ResCstID>CPF005</ns:ResCstID>
          <ns:TotCst>375.94</ns:TotCst>
        </ns:Resource>
      </ns:CstActivity>
      <ns:CstActivity>
        <ns:ActCstID>DIM003</ns:ActCstID>
        <ns:ActCnt>1535</ns:ActCnt>
        <ns:Resource>
          <ns:ResCstID>CSC006</ns:ResCstID>
          <ns:TotCst>290.74</ns:TotCst>
        </ns:Resource>
        <ns:Resource>
          <ns:ResCstID>CPF002</ns:ResCstID>
          <ns:TotCst>379.89</ns:TotCst>
        </ns:Resource>
        <ns:Resource>
          <ns:ResCstID>CPF010</ns:ResCstID>
          <ns:TotCst>326.80</ns:TotCst>
        </ns:Resource>
        <ns:Resource>
          <ns:ResCstID>CPF024</ns:ResCstID>
          <ns:TotCst>652.03</ns:TotCst>
        </ns:Resource>
      </ns:CstActivity>
    </ns:Activity>
    <ns:Activity>
      <ns:OrgId>RRK</ns:OrgId>
      <ns:CDSID>5846090931911785327012918190425936</ns:CDSID>
      <ns:NHSNo>4936711785</ns:NHSNo>
      <ns:NhsSt>05</ns:NhsSt>
      <ns:Postcd>M1G 2RY</ns:Postcd>
      <ns:DoB>1935-06-27</ns:DoB>
      <ns:Gendr>2</ns:Gendr>
      <ns:AttID>500050978289</ns:AttID>
      <ns:ArrDate>2021-07-18</ns:ArrDate>
      <ns:ArrTime>13:34:23</ns:ArrTime>
      <ns:DepTyp>03</ns:DepTyp>
      <ns:DepDate>2021-07-18</ns:DepDate>
      <ns:DepTime>16:51:36</ns:DepTime>
      <ns:HRG>VB05Z</ns:HRG>
      <ns:CstActivity>
        <ns:ActCstID>PAT006</ns:ActCstID>
        <ns:ActCnt>3656</ns:ActCnt>
        <ns:Resource>
          <ns:ResCstID>CPF010</ns:ResCstID>
          <ns:TotCst>397.67</ns:TotCst>
        </ns:Resource>
      </ns:CstActivity>
      <ns:CstActivity>
        <ns:ActCstID>ODT005</ns:ActCstID>
        <ns:ActCnt>4151</ns:ActCnt>
        <ns:Resource>
          <ns:ResCstID>CPF005</ns:ResCstID>
          <ns:TotCst>300.53</ns:TotCst>
        </ns:Resource>
        <ns:Resource>
          <ns:ResCstID>CPF017</ns:ResCstID>
          <ns:TotCst>174.34</ns:TotCst>
        </ns:Resource>
      </ns:CstActivity>
    </ns:Activity>
    <ns:Activity>
      <ns:OrgId>RRK</ns:OrgId>
      <ns:CDSID>12236493865241897942589372637988100</ns:CDSID>
      <ns:NHSNo>3827625664</ns:NHSNo>
      <ns:NhsSt>02</ns:NhsSt>
      <ns:Postcd>L5 5SL</ns:Postcd>
      <ns:DoB>1938-06-08</ns:DoB>
      <ns:Gendr>2</ns:Gendr>
      <ns:AttID>175546689693</ns:AttID>
      <ns:ArrDate>2021-07-08</ns:ArrDate>
      <ns:ArrTime>12:50:14</ns:ArrTime>
      <ns:DepTyp>01</ns:DepTyp>
      <ns:DepDate>2021-07-08</ns:DepDate>
      <ns:DepTime>15:59:38</ns:DepTime>
      <ns:HRG>VB04Z</ns:HRG>
      <ns:CstActivity>
        <ns:ActCstID>OUT002</ns:ActCstID>
        <ns:ActCnt>496</ns:ActCnt>
        <ns:Resource>
          <ns:ResCstID>CPF001</ns:ResCstID>
          <ns:TotCst>948.48</ns:TotCst>
        </ns:Resource>
        <ns:Resource>
          <ns:ResCstID>CSC004</ns:ResCstID>
          <ns:TotCst>695.35</ns:TotCst>
        </ns:Resource>
      </ns:CstActivity>
      <ns:CstActivity>
        <ns:ActCstID>COM002</ns:ActCstID>
        <ns:ActCnt>5292</ns:ActCnt>
        <ns:Resource>
          <ns:ResCstID>CPF030</ns:ResCstID>
          <ns:TotCst>57.28</ns:TotCst>
        </ns:Resource>
      </ns:CstActivity>
      <ns:CstActivity>
        <ns:ActCstID>DIM005</ns:ActCstID>
        <ns:ActCnt>2730</ns:ActCnt>
        <ns:Resource>
          <ns:ResCstID>CSC004</ns:ResCstID>
          <ns:TotCst>509.28</ns:TotCst>
        </ns:Resource>
        <ns:Resource>
          <ns:ResCstID>CPF029</ns:ResCstID>
          <ns:TotCst>346.64</ns:TotCst>
        </ns:Resource>
      </ns:CstActivity>
    </ns:Activity>
    <ns:Activity>
      <ns:OrgId>RRK</ns:OrgId>
      <ns:CDSID>35090331840778170918138652827417673</ns:CDSID>
      <ns:NHSNo>6535127000</ns:NHSNo>
      <ns:NhsSt>06</ns:NhsSt>
      <ns:Postcd>RG57 7FB</ns:Postcd>
      <ns:DoB>1924-07-24</ns:DoB>
      <ns:Gendr>1</ns:Gendr>
      <ns:AttID>2058505297</ns:AttID>
      <ns:ArrDate>2021-07-14</ns:ArrDate>
      <ns:ArrTime>23:09:27</ns:ArrTime>
      <ns:DepTyp>03</ns:DepTyp>
      <ns:DepDate>2021-07-15</ns:DepDate>
      <ns:DepTime>00:42:24</ns:DepTime>
      <ns:HRG>VB03Z</ns:HRG>
      <ns:CstActivity>
        <ns:ActCstID>BLD001</ns:ActCstID>
        <ns:ActCnt>5963</ns:ActCnt>
        <ns:Resource>
          <ns:ResCstID>CSC006</ns:ResCstID>
          <ns:TotCst>364.45</ns:TotCst>
        </ns:Resource>
        <ns:Resource>
          <ns:ResCstID>CPF029</ns:ResCstID>
          <ns:TotCst>552.65</ns:TotCst>
        </ns:Resource>
        <ns:Resource>
          <ns:ResCstID>CPF001</ns:ResCstID>
          <ns:TotCst>949.49</ns:TotCst>
        </ns:Resource>
        <ns:Resource>
          <ns:ResCstID>CPF005</ns:ResCstID>
          <ns:TotCst>617.51</ns:TotCst>
        </ns:Resource>
      </ns:CstActivity>
      <ns:CstActivity>
        <ns:ActCstID>COM002</ns:ActCstID>
        <ns:ActCnt>1534</ns:ActCnt>
        <ns:Resource>
          <ns:ResCstID>CPF017</ns:ResCstID>
          <ns:TotCst>946.53</ns:TotCst>
        </ns:Resource>
        <ns:Resource>
          <ns:ResCstID>CPF010</ns:ResCstID>
          <ns:TotCst>669.93</ns:TotCst>
        </ns:Resource>
        <ns:Resource>
          <ns:ResCstID>CPF023</ns:ResCstID>
          <ns:TotCst>195.44</ns:TotCst>
        </ns:Resource>
      </ns:CstActivity>
      <ns:CstActivity>
        <ns:ActCstID>DIM006</ns:ActCstID>
        <ns:ActCnt>8220</ns:ActCnt>
        <ns:Resource>
          <ns:ResCstID>CPF010</ns:ResCstID>
          <ns:TotCst>785.41</ns:TotCst>
        </ns:Resource>
        <ns:Resource>
          <ns:ResCstID>CPF023</ns:ResCstID>
          <ns:TotCst>875.47</ns:TotCst>
        </ns:Resource>
        <ns:Resource>
          <ns:ResCstID>CPF031</ns:ResCstID>
          <ns:TotCst>270.37</ns:TotCst>
        </ns:Resource>
      </ns:CstActivity>
    </ns:Activity>
    <ns:Activity>
      <ns:OrgId>RRK</ns:OrgId>
      <ns:CDSID>61980645875527719454402091240936705</ns:CDSID>
      <ns:NHSNo>3735874888</ns:NHSNo>
      <ns:NhsSt>03</ns:NhsSt>
      <ns:Postcd>WN3 8TL</ns:Postcd>
      <ns:DoB>2016-12-21</ns:DoB>
      <ns:Gendr>2</ns:Gendr>
      <ns:AttID>588666587538</ns:AttID>
      <ns:ArrDate>2021-07-17</ns:ArrDate>
      <ns:ArrTime>23:02:11</ns:ArrTime>
      <ns:DepTyp>04</ns:DepTyp>
      <ns:DepDate>2021-07-18</ns:DepDate>
      <ns:DepTime>07:38:47</ns:DepTime>
      <ns:HRG>VB03Z</ns:HRG>
      <ns:CstActivity>
        <ns:ActCstID>DIM004</ns:ActCstID>
        <ns:ActCnt>3803</ns:ActCnt>
        <ns:Resource>
          <ns:ResCstID>CSC004</ns:ResCstID>
          <ns:TotCst>856.50</ns:TotCst>
        </ns:Resource>
        <ns:Resource>
          <ns:ResCstID>CPF030</ns:ResCstID>
          <ns:TotCst>734.05</ns:TotCst>
        </ns:Resource>
        <ns:Resource>
          <ns:ResCstID>CPF023</ns:ResCstID>
          <ns:TotCst>32.63</ns:TotCst>
        </ns:Resource>
        <ns:Resource>
          <ns:ResCstID>CPF023</ns:ResCstID>
          <ns:TotCst>921.55</ns:TotCst>
        </ns:Resource>
      </ns:CstActivity>
      <ns:CstActivity>
        <ns:ActCstID>MDT001</ns:ActCstID>
        <ns:ActCnt>6837</ns:ActCnt>
        <ns:Resource>
          <ns:ResCstID>CPF011</ns:ResCstID>
          <ns:TotCst>201.46</ns:TotCst>
        </ns:Resource>
        <ns:Resource>
          <ns:ResCstID>CPF001</ns:ResCstID>
          <ns:TotCst>210.38</ns:TotCst>
        </ns:Resource>
        <ns:Resource>
          <ns:ResCstID>CPF005</ns:ResCstID>
          <ns:TotCst>813.99</ns:TotCst>
        </ns:Resource>
        <ns:Resource>
          <ns:ResCstID>CPF029</ns:ResCstID>
          <ns:TotCst>627.27</ns:TotCst>
        </ns:Resource>
      </ns:CstActivity>
    </ns:Activity>
    <ns:Activity>
      <ns:OrgId>RRK</ns:OrgId>
      <ns:CDSID>49268865131785633808448725853425823</ns:CDSID>
      <ns:NHSNo>6636991603</ns:NHSNo>
      <ns:NhsSt>04</ns:NhsSt>
      <ns:Postcd>S18 0EA</ns:Postcd>
      <ns:DoB>1987-10-03</ns:DoB>
      <ns:Gendr>X</ns:Gendr>
      <ns:AttID>79412922950</ns:AttID>
      <ns:ArrDate>2021-07-08</ns:ArrDate>
      <ns:ArrTime>16:15:55</ns:ArrTime>
      <ns:DepTyp>02</ns:DepTyp>
      <ns:DepDate>2021-07-08</ns:DepDate>
      <ns:DepTime>18:56:20</ns:DepTime>
      <ns:HRG>VB08Z</ns:HRG>
      <ns:CstActivity>
        <ns:ActCstID>ODT007</ns:ActCstID>
        <ns:ActCnt>5416</ns:ActCnt>
        <ns:Resource>
          <ns:ResCstID>CPF024</ns:ResCstID>
          <ns:TotCst>217.28</ns:TotCst>
        </ns:Resource>
      </ns:CstActivity>
      <ns:CstActivity>
        <ns:ActCstID>ODT003</ns:ActCstID>
        <ns:ActCnt>3294</ns:ActCnt>
        <ns:Resource>
          <ns:ResCstID>CPF029</ns:ResCstID>
          <ns:TotCst>540.32</ns:TotCst>
        </ns:Resource>
        <ns:Resource>
          <ns:ResCstID>CSC006</ns:ResCstID>
          <ns:TotCst>891.72</ns:TotCst>
        </ns:Resource>
      </ns:CstActivity>
      <ns:CstActivity>
        <ns:ActCstID>DIM005</ns:ActCstID>
        <ns:ActCnt>2655</ns:ActCnt>
        <ns:Resource>
          <ns:ResCstID>CPF002</ns:ResCstID>
          <ns:TotCst>519.15</ns:TotCst>
        </ns:Resource>
        <ns:Resource>
          <ns:ResCstID>CPF022</ns:ResCstID>
          <ns:TotCst>797.96</ns:TotCst>
        </ns:Resource>
        <ns:Resource>
          <ns:ResCstID>CSC005</ns:ResCstID>
          <ns:TotCst>584.36</ns:TotCst>
        </ns:Resource>
      </ns:CstActivity>
    </ns:Activity>
    <ns:Activity>
      <ns:OrgId>RRK</ns:OrgId>
      <ns:CDSID>94930413618013630359853922247360434</ns:CDSID>
      <ns:NHSNo>8876699579</ns:NHSNo>
      <ns:NhsSt>05</ns:NhsSt>
      <ns:Postcd>L2D 5AA</ns:Postcd>
      <ns:DoB>1925-12-05</ns:DoB>
      <ns:Gendr>x</ns:Gendr>
      <ns:AttID>553059877877</ns:AttID>
      <ns:ArrDate>2021-07-11</ns:ArrDate>
      <ns:ArrTime>06:08:26</ns:ArrTime>
      <ns:DepTyp>02</ns:DepTyp>
      <ns:DepDate>2021-07-11</ns:DepDate>
      <ns:DepTime>12:32:41</ns:DepTime>
      <ns:HRG>VB09Z</ns:HRG>
      <ns:CstActivity>
        <ns:ActCstID>SPS001</ns:ActCstID>
        <ns:ActCnt>4493</ns:ActCnt>
        <ns:Resource>
          <ns:ResCstID>CPF005</ns:ResCstID>
          <ns:TotCst>236.94</ns:TotCst>
        </ns:Resource>
        <ns:Resource>
          <ns:ResCstID>CPF032</ns:ResCstID>
          <ns:TotCst>562.63</ns:TotCst>
        </ns:Resource>
        <ns:Resource>
          <ns:ResCstID>CPF005</ns:ResCstID>
          <ns:TotCst>914.17</ns:TotCst>
        </ns:Resource>
      </ns:CstActivity>
      <ns:CstActivity>
        <ns:ActCstID>THR003</ns:ActCstID>
        <ns:ActCnt>2171</ns:ActCnt>
        <ns:Resource>
          <ns:ResCstID>CSC004</ns:ResCstID>
          <ns:TotCst>882.04</ns:TotCst>
        </ns:Resource>
      </ns:CstActivity>
      <ns:CstActivity>
        <ns:ActCstID>OUT002</ns:ActCstID>
        <ns:ActCnt>2638</ns:ActCnt>
        <ns:Resource>
          <ns:ResCstID>CPF024</ns:ResCstID>
          <ns:TotCst>126.74</ns:TotCst>
        </ns:Resource>
        <ns:Resource>
          <ns:ResCstID>CPF022</ns:ResCstID>
          <ns:TotCst>669.90</ns:TotCst>
        </ns:Resource>
      </ns:CstActivity>
    </ns:Activity>
  </ns:MessageBody>
</ns:HCDSExtract>
