<?xml version='1.0' encoding='utf-8'?><ns:HCDSExtract xmlns:xsi="http://www.w3.org/2001/XMLSchema-instance" xmlns:ns="http://Improvement.nhs.uk/HealthcareCostingDataSet/v1.12-2122">
  <ns:MessageHeader>
    <ns:OrgSubmittingID>BRK01</ns:OrgSubmittingID>
    <ns:FinYr>FY2021-22</ns:FinYr>
    <ns:PeriodStartDate>2021-06-01</ns:PeriodStartDate>
    <ns:PeriodEndDate>2021-06-30</ns:PeriodEndDate>
    <ns:CreateDateTime>2022-05-04T14:54:00</ns:CreateDateTime>
    <ns:FeedType>EC</ns:FeedType>
    <ns:NoOfActivityRecords>10</ns:NoOfActivityRecords>
    <ns:TotalCosts>3487.2</ns:TotalCosts>
  </ns:MessageHeader>
  <ns:MessageBody>
    <ns:Activity>
      <ns:OrgId>BRK</ns:OrgId>
      <ns:CDSID>A</ns:CDSID>
      <ns:NHSNo>9999999999</ns:NHSNo>
      <ns:NhsSt>01</ns:NhsSt>
      <ns:Postcd>AB44 5TS</ns:Postcd>
      <ns:DoB>1899-12-31</ns:DoB>
      <ns:Gendr>1</ns:Gendr>
      <ns:AttID xsi:nil="true"/>
      <ns:ArrDate>2021-04-01</ns:ArrDate>
      <ns:ArrTime>12:00:00</ns:ArrTime>
      <ns:DepTyp>01</ns:DepTyp>
      <ns:DepDate>2021-04-01</ns:DepDate>
      <ns:DepTime>12:00:00</ns:DepTime>
      <ns:HRG>VB01Z</ns:HRG>
      <ns:CstActivity>
        <ns:ActCstID>PAT002</ns:ActCstID>
        <ns:ActCnt>2140</ns:ActCnt>
        <ns:Resource>
          <ns:ResCstID>CPF001</ns:ResCstID>
          <ns:TotCst>520.23</ns:TotCst>
        </ns:Resource>
      </ns:CstActivity>
    </ns:Activity>
    <ns:Activity>
      <ns:OrgId>BRK1</ns:OrgId>
      <ns:CDSID>AB123</ns:CDSID>
      <ns:NHSNo xsi:nil="true"/>
      <ns:NhsSt>02</ns:NhsSt>
      <ns:Postcd>9999 999</ns:Postcd>
      <ns:DoB xsi:nil="true"/>
      <ns:Gendr>2</ns:Gendr>
      <ns:ArrDate>2021-07-20</ns:ArrDate>
      <ns:ArrTime>00:00:00</ns:ArrTime>
      <ns:DepTyp>02</ns:DepTyp>
      <ns:DepDate>2021-07-20</ns:DepDate>
      <ns:DepTime>00:00:00</ns:DepTime>
      <ns:HRG>VB03Z</ns:HRG>
      <ns:CstActivity>
        <ns:ActCstID>COM004</ns:ActCstID>
        <ns:ActCnt>2611</ns:ActCnt>
        <ns:Resource>
          <ns:ResCstID>CPF030</ns:ResCstID>
          <ns:TotCst>1234567890.12345678</ns:TotCst>
        </ns:Resource>
      </ns:CstActivity>
    </ns:Activity>
    <ns:Activity>
      <ns:OrgId>BRK01</ns:OrgId>
      <ns:CDSID>ABC45678901234567890123456789012345</ns:CDSID>
      <ns:NhsSt>03</ns:NhsSt>
      <ns:Postcd xsi:nil="true"/>
      <ns:Gendr>9</ns:Gendr>
      <ns:AttID></ns:AttID>
      <ns:ArrDate>2022-03-31</ns:ArrDate>
      <ns:ArrTime>00:24:00</ns:ArrTime>
      <ns:DepTyp>03</ns:DepTyp>
      <ns:DepDate>2022-03-31</ns:DepDate>
      <ns:DepTime>00:24:00</ns:DepTime>
      <ns:HRG>VB07Z</ns:HRG>
      <ns:CstActivity>
        <ns:ActCstID>PHA003</ns:ActCstID>
        <ns:ActCnt>2910</ns:ActCnt>
        <ns:Resource>
          <ns:ResCstID>CPF029</ns:ResCstID>
          <ns:TotCst>713.87</ns:TotCst>
        </ns:Resource>
      </ns:CstActivity>
    </ns:Activity>
    <ns:Activity>
      <ns:OrgId>BRK01</ns:OrgId>
      <ns:CDSID xsi:nil="true"/>
      <ns:NHSNo></ns:NHSNo>
      <ns:NhsSt>04</ns:NhsSt>
      <ns:DoB></ns:DoB>
      <ns:Gendr>X</ns:Gendr>
      <ns:AttID>0</ns:AttID>
      <ns:ArrDate>2021-07-20</ns:ArrDate>
      <ns:ArrTime>12:30:00</ns:ArrTime>
      <ns:DepTyp>04</ns:DepTyp>
      <ns:DepDate>2021-07-20</ns:DepDate>
      <ns:DepTime>12:30:00</ns:DepTime>
      <ns:HRG>VB11Z</ns:HRG>
      <ns:CstActivity>
        <ns:ActCstID>MDT001</ns:ActCstID>
        <ns:ActCnt>123456789012345678</ns:ActCnt>
        <ns:Resource>
          <ns:ResCstID>CSC004</ns:ResCstID>
          <ns:TotCst>3102</ns:TotCst>
        </ns:Resource>
      </ns:CstActivity>
    </ns:Activity>
    <ns:Activity>
      <ns:OrgId>BRK01</ns:OrgId>
      <ns:NHSNo>9999999999</ns:NHSNo>
      <ns:NhsSt>05</ns:NhsSt>
      <ns:Postcd></ns:Postcd>
      <ns:DoB>2020-03-31</ns:DoB>
      <ns:Gendr>x</ns:Gendr>
      <ns:AttID>12</ns:AttID>
      <ns:ArrDate>2021-07-20</ns:ArrDate>
      <ns:ArrTime>00:00:00</ns:ArrTime>
      <ns:DepTyp>05</ns:DepTyp>
      <ns:DepDate>2021-07-20</ns:DepDate>
      <ns:DepTime>00:00:00</ns:DepTime>
      <ns:HRG>UZ01Z</ns:HRG>
      <ns:CstActivity>
        <ns:ActCstID>SPS001</ns:ActCstID>
        <ns:ActCnt>5388</ns:ActCnt>
        <ns:Resource>
          <ns:ResCstID>CSC008</ns:ResCstID>
          <ns:TotCst>923.9745</ns:TotCst>
        </ns:Resource>
      </ns:CstActivity>
    </ns:Activity>
    <ns:Activity>
      <ns:OrgId>BRK01</ns:OrgId>
      <ns:CDSID></ns:CDSID>
      <ns:NHSNo>9999999999</ns:NHSNo>
      <ns:NhsSt>06</ns:NhsSt>
      <ns:Postcd>AB44 5TS</ns:Postcd>
      <ns:DoB>2021-03-31</ns:DoB>
      <ns:Gendr xsi:nil="true"/>
      <ns:AttID>0</ns:AttID>
      <ns:ArrDate>2021-07-20</ns:ArrDate>
      <ns:ArrTime>00:00:00</ns:ArrTime>
      <ns:DepTyp>06</ns:DepTyp>
      <ns:DepDate>2021-07-20</ns:DepDate>
      <ns:DepTime>00:00:00</ns:DepTime>
      <ns:HRG>VB01Z</ns:HRG>
      <ns:CstActivity>
        <ns:ActCstID>DIM010</ns:ActCstID>
        <ns:ActCnt>3684</ns:ActCnt>
        <ns:Resource>
          <ns:ResCstID>CSC008</ns:ResCstID>
          <ns:TotCst>164.84</ns:TotCst>
        </ns:Resource>
      </ns:CstActivity>
    </ns:Activity>
    <ns:Activity>
      <ns:OrgId>BRK01</ns:OrgId>
      <ns:CDSID>CDS1234567892</ns:CDSID>
      <ns:NHSNo>9999999999</ns:NHSNo>
      <ns:NhsSt>07</ns:NhsSt>
      <ns:Postcd>AB44 5TS</ns:Postcd>
      <ns:DoB>2020-03-31</ns:DoB>
      <ns:AttID>12</ns:AttID>
      <ns:ArrDate>2021-07-20</ns:ArrDate>
      <ns:ArrTime>00:00:00</ns:ArrTime>
      <ns:DepTyp>07</ns:DepTyp>
      <ns:DepDate>2021-07-20</ns:DepDate>
      <ns:DepTime>00:00:00</ns:DepTime>
      <ns:HRG>VB03Z</ns:HRG>
      <ns:CstActivity>
        <ns:ActCstID>OUT002</ns:ActCstID>
        <ns:ActCnt>972</ns:ActCnt>
        <ns:Resource>
          <ns:ResCstID>CPF023</ns:ResCstID>
          <ns:TotCst>436.05</ns:TotCst>
        </ns:Resource>
      </ns:CstActivity>
    </ns:Activity>
    <ns:Activity>
      <ns:OrgId>BRK01</ns:OrgId>
      <ns:CDSID>CDS1234567893</ns:CDSID>
      <ns:NHSNo>9999999999</ns:NHSNo>
      <ns:NhsSt>08</ns:NhsSt>
      <ns:Postcd>AB44 5TS</ns:Postcd>
      <ns:DoB>2020-03-31</ns:DoB>
      <ns:Gendr></ns:Gendr>
      <ns:AttID>0</ns:AttID>
      <ns:ArrDate>2021-07-20</ns:ArrDate>
      <ns:ArrTime>00:00:00</ns:ArrTime>
      <ns:DepTyp>08</ns:DepTyp>
      <ns:DepDate>2021-07-20</ns:DepDate>
      <ns:DepTime>00:00:00</ns:DepTime>
      <ns:HRG>VB07Z</ns:HRG>
      <ns:CstActivity>
        <ns:ActCstID>THR003</ns:ActCstID>
        <ns:ActCnt>7619</ns:ActCnt>
        <ns:Resource>
          <ns:ResCstID>CPF030</ns:ResCstID>
          <ns:TotCst>601.19</ns:TotCst>
        </ns:Resource>
      </ns:CstActivity>
    </ns:Activity>
    <ns:Activity>
      <ns:OrgId>BRK01</ns:OrgId>
      <ns:CDSID>CDS1234567893</ns:CDSID>
      <ns:NHSNo>9999999999</ns:NHSNo>
      <ns:NhsSt>07</ns:NhsSt>
      <ns:Postcd>AB44 4TS</ns:Postcd>
      <ns:DoB>2020-03-31</ns:DoB>
      <ns:Gendr>2</ns:Gendr>
      <ns:AttID>12</ns:AttID>
      <ns:ArrDate>2021-07-20</ns:ArrDate>
      <ns:ArrTime>00:00:00</ns:ArrTime>
      <ns:DepTyp>09</ns:DepTyp>
      <ns:DepDate>2021-07-20</ns:DepDate>
      <ns:DepTime>00:00:00</ns:DepTime>
      <ns:HRG>VB11Z</ns:HRG>
      <ns:CstActivity>
        <ns:ActCstID>OUT003</ns:ActCstID>
        <ns:ActCnt>6385</ns:ActCnt>
        <ns:Resource>
          <ns:ResCstID>CPF023</ns:ResCstID>
          <ns:TotCst>663.20</ns:TotCst>
        </ns:Resource>
      </ns:CstActivity>
    </ns:Activity>
    <ns:Activity>
      <ns:OrgId>BRK01</ns:OrgId>
      <ns:CDSID>CDS1234567893</ns:CDSID>
      <ns:NHSNo>9999999999</ns:NHSNo>
      <ns:NhsSt>07</ns:NhsSt>
      <ns:Postcd>AB44 4TS</ns:Postcd>
      <ns:DoB>2020-03-31</ns:DoB>
      <ns:Gendr>2</ns:Gendr>
      <ns:AttID>0</ns:AttID>
      <ns:ArrDate>2021-07-20</ns:ArrDate>
      <ns:ArrTime>00:00:00</ns:ArrTime>
      <ns:DepTyp>10</ns:DepTyp>
      <ns:DepDate>2021-07-20</ns:DepDate>
      <ns:DepTime>00:00:00</ns:DepTime>
      <ns:HRG>UZ01Z</ns:HRG>
      <ns:CstActivity>
        <ns:ActCstID>WRD001</ns:ActCstID>
        <ns:ActCnt>3010</ns:ActCnt>
        <ns:Resource>
          <ns:ResCstID>CPF022</ns:ResCstID>
          <ns:TotCst>717.92</ns:TotCst>
        </ns:Resource>
      </ns:CstActivity>
    </ns:Activity>
  </ns:MessageBody>
</ns:HCDSExtract>
