<?xml version='1.0' encoding='utf-8'?><ns:HCDSExtract xmlns:xsi="http://www.w3.org/2001/XMLSchema-instance" xmlns:ns="http://Improvement.nhs.uk/HealthcareCostingDataSet/v1.12-2122">
  <ns:MessageHeader>
    <ns:OrgSubmittingID>OR1</ns:OrgSubmittingID>
    <ns:FinYr>FY2021-22</ns:FinYr>
    <ns:PeriodStartDate>2021-04-01</ns:PeriodStartDate>
    <ns:PeriodEndDate>2021-04-30</ns:PeriodEndDate>
    <ns:CreateDateTime>2022-09-20T17:06:00</ns:CreateDateTime>
    <ns:FeedType>IAPT</ns:FeedType>
    <ns:NoOfActivityRecords>5</ns:NoOfActivityRecords>
    <ns:TotalCosts>13760.33</ns:TotalCosts>
  </ns:MessageHeader>
  <ns:MessageBody>
    <ns:Activity>
      <ns:OrgId>OR1</ns:OrgId>
      <ns:NHSNo/>
      <ns:NhsSt>03</ns:NhsSt>
      <ns:Postcd>IP4E 9TG</ns:Postcd>
      <ns:DoB>1976-05-12</ns:DoB>
      <ns:Gendr>x</ns:Gendr>
      <ns:LptID>20768360717094966219</ns:LptID>
      <ns:SerReqID>11351392801663489216</ns:SerReqID>
      <ns:CareConID>58559712373841246746</ns:CareConID>
      <ns:CareConDate>2021-04-14</ns:CareConDate>
      <ns:CareConTime>02:32:00</ns:CareConTime>
      <ns:Attendance>6</ns:Attendance>
      <ns:PatCAS>03</ns:PatCAS>
      <ns:Cluster/>
      <ns:CstActivity>
        <ns:ActCstID>ODT001</ns:ActCstID>
        <ns:ActCnt>5635</ns:ActCnt>
        <ns:Resource>
          <ns:ResCstID>CPF010</ns:ResCstID>
          <ns:TotCst>14.28</ns:TotCst>
        </ns:Resource>
        <ns:Resource>
          <ns:ResCstID>CSC006</ns:ResCstID>
          <ns:TotCst>625.07</ns:TotCst>
        </ns:Resource>
        <ns:Resource>
          <ns:ResCstID>CSC005</ns:ResCstID>
          <ns:TotCst>559.94</ns:TotCst>
        </ns:Resource>
      </ns:CstActivity>
    </ns:Activity>
    <ns:Activity>
      <ns:OrgId>OR1</ns:OrgId>
      <ns:NHSNo>4436482941</ns:NHSNo>
      <ns:NhsSt>02</ns:NhsSt>
      <ns:Postcd>W5W 2TX</ns:Postcd>
      <ns:DoB>2019-06-06</ns:DoB>
      <ns:Gendr>X</ns:Gendr>
      <ns:LptID>4106180794597603205</ns:LptID>
      <ns:SerReqID>29235085246572749203</ns:SerReqID>
      <ns:CareConID>52746917618012418838</ns:CareConID>
      <ns:CareConDate>2021-04-05</ns:CareConDate>
      <ns:CareConTime>20:46:10</ns:CareConTime>
      <ns:Attendance>6</ns:Attendance>
      <ns:PatCAS>04</ns:PatCAS>
      <ns:Cluster/>
      <ns:CstActivity>
        <ns:ActCstID>DIM009</ns:ActCstID>
        <ns:ActCnt>2999</ns:ActCnt>
        <ns:Resource>
          <ns:ResCstID>CSC008</ns:ResCstID>
          <ns:TotCst>117.27</ns:TotCst>
        </ns:Resource>
        <ns:Resource>
          <ns:ResCstID>CPF001</ns:ResCstID>
          <ns:TotCst>294.25</ns:TotCst>
        </ns:Resource>
      </ns:CstActivity>
      <ns:CstActivity>
        <ns:ActCstID>SPS001</ns:ActCstID>
        <ns:ActCnt>2823</ns:ActCnt>
        <ns:Resource>
          <ns:ResCstID>CSC004</ns:ResCstID>
          <ns:TotCst>672.13</ns:TotCst>
        </ns:Resource>
      </ns:CstActivity>
    </ns:Activity>
    <ns:Activity>
      <ns:OrgId>OR1</ns:OrgId>
      <ns:NHSNo>9450012874</ns:NHSNo>
      <ns:NhsSt>01</ns:NhsSt>
      <ns:Postcd>G38 1SJ</ns:Postcd>
      <ns:DoB>1918-02-24</ns:DoB>
      <ns:Gendr/>
      <ns:LptID>53895332169029339417</ns:LptID>
      <ns:SerReqID>52343704366570686507</ns:SerReqID>
      <ns:CareConID>39445124173643691392</ns:CareConID>
      <ns:CareConDate>2021-04-12</ns:CareConDate>
      <ns:CareConTime>08:43:58</ns:CareConTime>
      <ns:Attendance>5</ns:Attendance>
      <ns:PatCAS>01</ns:PatCAS>
      <ns:Cluster>13</ns:Cluster>
      <ns:CstActivity>
        <ns:ActCstID>ODT007</ns:ActCstID>
        <ns:ActCnt>243</ns:ActCnt>
        <ns:Resource>
          <ns:ResCstID>CPF032</ns:ResCstID>
          <ns:TotCst>948.07</ns:TotCst>
        </ns:Resource>
        <ns:Resource>
          <ns:ResCstID>CPF030</ns:ResCstID>
          <ns:TotCst>900.19</ns:TotCst>
        </ns:Resource>
        <ns:Resource>
          <ns:ResCstID>CPF032</ns:ResCstID>
          <ns:TotCst>224.20</ns:TotCst>
        </ns:Resource>
        <ns:Resource>
          <ns:ResCstID>CPF001</ns:ResCstID>
          <ns:TotCst>780.57</ns:TotCst>
        </ns:Resource>
      </ns:CstActivity>
      <ns:CstActivity>
        <ns:ActCstID>OUT005</ns:ActCstID>
        <ns:ActCnt>201</ns:ActCnt>
        <ns:Resource>
          <ns:ResCstID>CSC006</ns:ResCstID>
          <ns:TotCst>343.05</ns:TotCst>
        </ns:Resource>
        <ns:Resource>
          <ns:ResCstID>CPF011</ns:ResCstID>
          <ns:TotCst>388.90</ns:TotCst>
        </ns:Resource>
        <ns:Resource>
          <ns:ResCstID>CPF024</ns:ResCstID>
          <ns:TotCst>798.38</ns:TotCst>
        </ns:Resource>
      </ns:CstActivity>
      <ns:CstActivity>
        <ns:ActCstID>BLD003</ns:ActCstID>
        <ns:ActCnt>8657</ns:ActCnt>
        <ns:Resource>
          <ns:ResCstID>CPF005</ns:ResCstID>
          <ns:TotCst>700.82</ns:TotCst>
        </ns:Resource>
        <ns:Resource>
          <ns:ResCstID>CPF017</ns:ResCstID>
          <ns:TotCst>664.04</ns:TotCst>
        </ns:Resource>
      </ns:CstActivity>
    </ns:Activity>
    <ns:Activity>
      <ns:OrgId>OR1</ns:OrgId>
      <ns:NHSNo>1858705530</ns:NHSNo>
      <ns:NhsSt>05</ns:NhsSt>
      <ns:Postcd>N4 7YT</ns:Postcd>
      <ns:DoB>2007-12-08</ns:DoB>
      <ns:Gendr>x</ns:Gendr>
      <ns:LptID>3994828029258487333</ns:LptID>
      <ns:SerReqID>18128243827232992535</ns:SerReqID>
      <ns:CareConID>83684558991324434029</ns:CareConID>
      <ns:CareConDate>2021-04-01</ns:CareConDate>
      <ns:CareConTime>07:09:38</ns:CareConTime>
      <ns:Attendance>5</ns:Attendance>
      <ns:PatCAS>03</ns:PatCAS>
      <ns:Cluster/>
      <ns:CstActivity>
        <ns:ActCstID>PAT003</ns:ActCstID>
        <ns:ActCnt>9553</ns:ActCnt>
        <ns:Resource>
          <ns:ResCstID>CSC008</ns:ResCstID>
          <ns:TotCst>215.44</ns:TotCst>
        </ns:Resource>
        <ns:Resource>
          <ns:ResCstID>CSC004</ns:ResCstID>
          <ns:TotCst>599.63</ns:TotCst>
        </ns:Resource>
      </ns:CstActivity>
      <ns:CstActivity>
        <ns:ActCstID>DIM009</ns:ActCstID>
        <ns:ActCnt>4341</ns:ActCnt>
        <ns:Resource>
          <ns:ResCstID>CPF011</ns:ResCstID>
          <ns:TotCst>358.58</ns:TotCst>
        </ns:Resource>
      </ns:CstActivity>
    </ns:Activity>
    <ns:Activity>
      <ns:OrgId>OR1</ns:OrgId>
      <ns:NHSNo>2053045998</ns:NHSNo>
      <ns:NhsSt>02</ns:NhsSt>
      <ns:Postcd>TD6 9ZT</ns:Postcd>
      <ns:DoB>1908-08-24</ns:DoB>
      <ns:Gendr/>
      <ns:LptID>55156284708623461965</ns:LptID>
      <ns:SerReqID>16716546466716157543</ns:SerReqID>
      <ns:CareConID>46919922993107330232</ns:CareConID>
      <ns:CareConDate>2021-04-07</ns:CareConDate>
      <ns:CareConTime>21:26:37</ns:CareConTime>
      <ns:Attendance>6</ns:Attendance>
      <ns:PatCAS>04</ns:PatCAS>
      <ns:Cluster/>
      <ns:CstActivity>
        <ns:ActCstID>DIM009</ns:ActCstID>
        <ns:ActCnt>314</ns:ActCnt>
        <ns:Resource>
          <ns:ResCstID>CSC006</ns:ResCstID>
          <ns:TotCst>935.42</ns:TotCst>
        </ns:Resource>
        <ns:Resource>
          <ns:ResCstID>CPF011</ns:ResCstID>
          <ns:TotCst>795.95</ns:TotCst>
        </ns:Resource>
        <ns:Resource>
          <ns:ResCstID>CPF024</ns:ResCstID>
          <ns:TotCst>623.56</ns:TotCst>
        </ns:Resource>
      </ns:CstActivity>
      <ns:CstActivity>
        <ns:ActCstID>DIM008</ns:ActCstID>
        <ns:ActCnt>3907</ns:ActCnt>
        <ns:Resource>
          <ns:ResCstID>CPF011</ns:ResCstID>
          <ns:TotCst>107.82</ns:TotCst>
        </ns:Resource>
        <ns:Resource>
          <ns:ResCstID>CPF029</ns:ResCstID>
          <ns:TotCst>828.14</ns:TotCst>
        </ns:Resource>
        <ns:Resource>
          <ns:ResCstID>CSC005</ns:ResCstID>
          <ns:TotCst>713.23</ns:TotCst>
        </ns:Resource>
      </ns:CstActivity>
      <ns:CstActivity>
        <ns:ActCstID>ODT003</ns:ActCstID>
        <ns:ActCnt>3167</ns:ActCnt>
        <ns:Resource>
          <ns:ResCstID>CPF005</ns:ResCstID>
          <ns:TotCst>551.40</ns:TotCst>
        </ns:Resource>
      </ns:CstActivity>
    </ns:Activity>
  </ns:MessageBody>
</ns:HCDSExtract>
