<?xml version='1.0' encoding='utf-8'?><ns:HCDSExtract xmlns:xsi="http://www.w3.org/2001/XMLSchema-instance" xmlns:ns="http://Improvement.nhs.uk/HealthcareCostingDataSet/v1.12-2122">
  <ns:MessageHeader>
    <ns:OrgSubmittingID>BRK01</ns:OrgSubmittingID>
    <ns:FinYr>FY2021-22</ns:FinYr>
    <ns:PeriodStartDate>2022-03-01</ns:PeriodStartDate>
    <ns:PeriodEndDate>2022-03-31</ns:PeriodEndDate>
    <ns:CreateDateTime>2022-04-28T15:26:00</ns:CreateDateTime>
    <ns:FeedType>IAPT</ns:FeedType>
    <ns:NoOfActivityRecords>10</ns:NoOfActivityRecords>
    <ns:TotalCosts>28067.78</ns:TotalCosts>
  </ns:MessageHeader>
  <ns:MessageBody>
    <ns:Activity>
      <ns:OrgId>BRK</ns:OrgId>
      <ns:NHSNo>9999999999</ns:NHSNo>
      <ns:NhsSt>01</ns:NhsSt>
      <ns:Postcd>AB44 5TS</ns:Postcd>
      <ns:DoB>1899-12-31</ns:DoB>
      <ns:Gendr>1</ns:Gendr>
      <ns:LptID>ABC45678</ns:LptID>
      <ns:SerReqID>ABC45678</ns:SerReqID>
      <ns:CareConID>ABC45678</ns:CareConID>
      <ns:CareConDate>2021-04-01</ns:CareConDate>
      <ns:CareConTime xsi:nil="true"/>
      <ns:Attendance>5</ns:Attendance>
      <ns:PatCAS>1</ns:PatCAS>
      <ns:Cluster xsi:nil="true"/>
      <ns:CstActivity>
        <ns:ActCstID>BLD001</ns:ActCstID>
        <ns:ActCnt>1</ns:ActCnt>
        <ns:Resource>
          <ns:ResCstID>CPF001</ns:ResCstID>
          <ns:TotCst>10</ns:TotCst>
        </ns:Resource>
      </ns:CstActivity>
    </ns:Activity>
    <ns:Activity>
      <ns:OrgId>BRK1</ns:OrgId>
      <ns:NHSNo xsi:nil="true"/>
      <ns:NhsSt>02</ns:NhsSt>
      <ns:Postcd>9999 999</ns:Postcd>
      <ns:DoB xsi:nil="true"/>
      <ns:Gendr>2</ns:Gendr>
      <ns:LptID>A</ns:LptID>
      <ns:SerReqID>A</ns:SerReqID>
      <ns:CareConID>A</ns:CareConID>
      <ns:CareConDate>2021-07-20</ns:CareConDate>
      <ns:CareConTime/>
      <ns:Attendance>6</ns:Attendance>
      <ns:PatCAS>2</ns:PatCAS>
      <ns:Cluster/>
      <ns:CstActivity>
        <ns:ActCstID>DIM004</ns:ActCstID>
        <ns:ActCnt>10</ns:ActCnt>
        <ns:Resource>
          <ns:ResCstID>CPF002</ns:ResCstID>
          <ns:TotCst>1234567890.12345678</ns:TotCst>
        </ns:Resource>
      </ns:CstActivity>
    </ns:Activity>
    <ns:Activity>
      <ns:OrgId>BRK01</ns:OrgId>
      <ns:NhsSt>03</ns:NhsSt>
      <ns:Postcd xsi:nil="true"/>
      <ns:DoB/>
      <ns:Gendr>9</ns:Gendr>
      <ns:LptID>ABC45678901234567890</ns:LptID>
      <ns:SerReqID>ABC45678901234567890</ns:SerReqID>
      <ns:CareConID>ABC45678901234567890</ns:CareConID>
      <ns:CareConDate>2022-03-31</ns:CareConDate>
      <ns:CareConTime></ns:CareConTime>
      <ns:Attendance>6</ns:Attendance>
      <ns:PatCAS>3</ns:PatCAS>
      <ns:Cluster></ns:Cluster>
      <ns:CstActivity>
        <ns:ActCstID>CPF001</ns:ActCstID>
        <ns:ActCnt>15</ns:ActCnt>
        <ns:Resource>
          <ns:ResCstID>CPF003</ns:ResCstID>
          <ns:TotCst>505.234</ns:TotCst>
        </ns:Resource>
      </ns:CstActivity>
    </ns:Activity>
    <ns:Activity>
      <ns:OrgId>BRK01</ns:OrgId>
      <ns:NHSNo></ns:NHSNo>
      <ns:NhsSt>04</ns:NhsSt>
      <ns:Postcd/>
      <ns:DoB></ns:DoB>
      <ns:Gendr>X</ns:Gendr>
      <ns:LptID>ABC45678901234567890</ns:LptID>
      <ns:SerReqID>ABC45678901234567890</ns:SerReqID>
      <ns:CareConID>ABC45678901234567890</ns:CareConID>
      <ns:CareConDate>2021-07-20</ns:CareConDate>
      <ns:CareConTime>12:00:00</ns:CareConTime>
      <ns:Attendance>6</ns:Attendance>
      <ns:PatCAS>4</ns:PatCAS>
      <ns:Cluster>00</ns:Cluster>
      <ns:CstActivity>
        <ns:ActCstID>CPF002</ns:ActCstID>
        <ns:ActCnt>123456789012345678</ns:ActCnt>
        <ns:Resource>
          <ns:ResCstID>CPF004</ns:ResCstID>
          <ns:TotCst>3102</ns:TotCst>
        </ns:Resource>
      </ns:CstActivity>
    </ns:Activity>
    <ns:Activity>
      <ns:OrgId>BRK01</ns:OrgId>
      <ns:NHSNo>9999999999</ns:NHSNo>
      <ns:NhsSt>05</ns:NhsSt>
      <ns:Postcd></ns:Postcd>
      <ns:DoB>2020-03-31</ns:DoB>
      <ns:Gendr>x</ns:Gendr>
      <ns:LptID>ABC45678901234567890</ns:LptID>
      <ns:SerReqID>ABC45678901234567890</ns:SerReqID>
      <ns:CareConID>ABC45678901234567890</ns:CareConID>
      <ns:CareConDate>2021-07-20</ns:CareConDate>
      <ns:CareConTime>13:05:05</ns:CareConTime>
      <ns:Attendance>6</ns:Attendance>
      <ns:PatCAS>4</ns:PatCAS>
      <ns:Cluster>05</ns:Cluster>
      <ns:CstActivity>
        <ns:ActCstID>CPF001</ns:ActCstID>
        <ns:ActCnt>30</ns:ActCnt>
        <ns:Resource>
          <ns:ResCstID>CPF005</ns:ResCstID>
          <ns:TotCst>923.9745</ns:TotCst>
        </ns:Resource>
      </ns:CstActivity>
    </ns:Activity>
    <ns:Activity>
      <ns:OrgId>BRK01</ns:OrgId>
      <ns:NHSNo>9999999999</ns:NHSNo>
      <ns:NhsSt>06</ns:NhsSt>
      <ns:Postcd>AB44 5TS</ns:Postcd>
      <ns:DoB>2021-03-31</ns:DoB>
      <ns:Gendr xsi:nil="true"/>
      <ns:LptID>ABC45678901234567890</ns:LptID>
      <ns:SerReqID>ABC45678901234567890</ns:SerReqID>
      <ns:CareConID>ABC45678901234567890</ns:CareConID>
      <ns:CareConDate>2021-07-20</ns:CareConDate>
      <ns:CareConTime>14:05:05</ns:CareConTime>
      <ns:Attendance>6</ns:Attendance>
      <ns:PatCAS>4</ns:PatCAS>
      <ns:Cluster>17</ns:Cluster>
      <ns:CstActivity>
        <ns:ActCstID>CPF001</ns:ActCstID>
        <ns:ActCnt>30</ns:ActCnt>
        <ns:Resource>
          <ns:ResCstID>CPF006</ns:ResCstID>
          <ns:TotCst>101.32</ns:TotCst>
        </ns:Resource>
      </ns:CstActivity>
    </ns:Activity>
    <ns:Activity>
      <ns:OrgId>BRK01</ns:OrgId>
      <ns:NHSNo>9999999999</ns:NHSNo>
      <ns:NhsSt>07</ns:NhsSt>
      <ns:Postcd>AB44 5TS</ns:Postcd>
      <ns:DoB>2020-03-31</ns:DoB>
      <ns:Gendr/>
      <ns:LptID>ABC45678901234567890</ns:LptID>
      <ns:SerReqID>ABC45678901234567890</ns:SerReqID>
      <ns:CareConID>ABC45678901234567890</ns:CareConID>
      <ns:CareConDate>2021-07-20</ns:CareConDate>
      <ns:CareConTime>15:05:05</ns:CareConTime>
      <ns:Attendance>6</ns:Attendance>
      <ns:PatCAS>4</ns:PatCAS>
      <ns:Cluster>21</ns:Cluster>
      <ns:CstActivity>
        <ns:ActCstID>CPF001</ns:ActCstID>
        <ns:ActCnt>30</ns:ActCnt>
        <ns:Resource>
          <ns:ResCstID>CPF007</ns:ResCstID>
          <ns:TotCst>768.0</ns:TotCst>
        </ns:Resource>
      </ns:CstActivity>
    </ns:Activity>
    <ns:Activity>
      <ns:OrgId>BRK01</ns:OrgId>
      <ns:NHSNo>9999999999</ns:NHSNo>
      <ns:NhsSt>08</ns:NhsSt>
      <ns:Postcd>AB44 5TS</ns:Postcd>
      <ns:DoB>2020-03-31</ns:DoB>
      <ns:LptID>ABC45678901234567890</ns:LptID>
      <ns:SerReqID>ABC45678901234567890</ns:SerReqID>
      <ns:CareConID>ABC45678901234567890</ns:CareConID>
      <ns:CareConDate>2021-07-20</ns:CareConDate>
      <ns:CareConTime>16:05:05</ns:CareConTime>
      <ns:Attendance>6</ns:Attendance>
      <ns:PatCAS>4</ns:PatCAS>
      <ns:Cluster>21</ns:Cluster>
      <ns:CstActivity>
        <ns:ActCstID>CPF001</ns:ActCstID>
        <ns:ActCnt>30</ns:ActCnt>
        <ns:Resource>
          <ns:ResCstID>CPF008</ns:ResCstID>
          <ns:TotCst>490.56</ns:TotCst>
        </ns:Resource>
      </ns:CstActivity>
    </ns:Activity>
    <ns:Activity>
      <ns:OrgId>BRK01</ns:OrgId>
      <ns:NHSNo>9999999999</ns:NHSNo>
      <ns:NhsSt>07</ns:NhsSt>
      <ns:Postcd>AB44 4TS</ns:Postcd>
      <ns:DoB>2020-03-31</ns:DoB>
      <ns:Gendr>2</ns:Gendr>
      <ns:LptID>ABC45678901234567890</ns:LptID>
      <ns:SerReqID>ABC45678901234567890</ns:SerReqID>
      <ns:CareConID>ABC45678901234567890</ns:CareConID>
      <ns:CareConDate>2021-07-20</ns:CareConDate>
      <ns:CareConTime>17:05:05</ns:CareConTime>
      <ns:Attendance>6</ns:Attendance>
      <ns:PatCAS>4</ns:PatCAS>
      <ns:Cluster>21</ns:Cluster>
      <ns:CstActivity>
        <ns:ActCstID>CPF001</ns:ActCstID>
        <ns:ActCnt>30</ns:ActCnt>
        <ns:Resource>
          <ns:ResCstID>CPF009</ns:ResCstID>
          <ns:TotCst>89.269</ns:TotCst>
        </ns:Resource>
      </ns:CstActivity>
    </ns:Activity>
    <ns:Activity>
      <ns:OrgId>BRK01</ns:OrgId>
      <ns:NHSNo>9999999999</ns:NHSNo>
      <ns:NhsSt>07</ns:NhsSt>
      <ns:Postcd>AB44 4TS</ns:Postcd>
      <ns:DoB>2020-03-31</ns:DoB>
      <ns:Gendr>2</ns:Gendr>
      <ns:LptID>ABC45678901234567890</ns:LptID>
      <ns:SerReqID>ABC45678901234567890</ns:SerReqID>
      <ns:CareConID>ABC45678901234567890</ns:CareConID>
      <ns:CareConDate>2021-07-20</ns:CareConDate>
      <ns:CareConTime>18:05:05</ns:CareConTime>
      <ns:Attendance>6</ns:Attendance>
      <ns:PatCAS>4</ns:PatCAS>
      <ns:Cluster>21</ns:Cluster>
      <ns:CstActivity>
        <ns:ActCstID>CPF001</ns:ActCstID>
        <ns:ActCnt>30</ns:ActCnt>
        <ns:Resource>
          <ns:ResCstID>CPF010</ns:ResCstID>
          <ns:TotCst>89.269</ns:TotCst>
        </ns:Resource>
      </ns:CstActivity>
    </ns:Activity>
  </ns:MessageBody>
</ns:HCDSExtract>
