<?xml version="1.0" encoding="utf-8"?>
<ns:HCDSExtract xmlns:xsi="http://www.w3.org/2001/XMLSchema-instance"
        xmlns:ns="http://Improvement.nhs.uk/HealthcareCostingDataSet/v1.12-2122">
    <ns:MessageHeader>
        <ns:OrgSubmittingID>ORG02</ns:OrgSubmittingID>
        <ns:FinYr>FY2021-22</ns:FinYr>
        <ns:PeriodStartDate>2021-04-01</ns:PeriodStartDate>
        <ns:PeriodEndDate>2022-03-31</ns:PeriodEndDate>
        <ns:CreateDateTime>2022-05-01T15:23:12</ns:CreateDateTime>
        <ns:FeedType>INTREC</ns:FeedType>
    </ns:MessageHeader>
    <ns:FinalAuditedAccounts>
        <ns:Accts>
            <ns:FinAccID>FIN001</ns:FinAccID>
            <ns:CstIncVal>100</ns:CstIncVal>
        </ns:Accts>
        <ns:Accts>
            <ns:FinAccID>FIN002</ns:FinAccID>
            <ns:CstIncVal>-100</ns:CstIncVal>
        </ns:Accts>
        <ns:Accts>
            <ns:FinAccID>FIN014</ns:FinAccID>
            <ns:CstIncVal>100</ns:CstIncVal>
        </ns:Accts>
        <ns:Accts>
            <ns:FinAccID>FIN015</ns:FinAccID>
            <ns:CstIncVal>1999.1999</ns:CstIncVal>
        </ns:Accts>
        <ns:Accts>
            <ns:FinAccID>OEADJ01</ns:FinAccID>
            <ns:CstIncVal>-100</ns:CstIncVal>
        </ns:Accts>
    </ns:FinalAuditedAccounts>
    <ns:ServiceCostExclusions>
        <ns:Exclusions>
            <ns:SerID>EXC001</ns:SerID>
            <ns:AgrAdj xsi:nil="true"/>
            <ns:TotCst>-50</ns:TotCst>
        </ns:Exclusions>
        <ns:Exclusions>
            <ns:SerID>EXC002</ns:SerID>
            <ns:AgrAdj></ns:AgrAdj>
            <ns:TotCst>-50</ns:TotCst>
        </ns:Exclusions>
        <ns:Exclusions>
            <ns:SerID>EXC003</ns:SerID>
            <ns:AgrAdj></ns:AgrAdj>
            <ns:TotCst>-50</ns:TotCst>
        </ns:Exclusions>
        <ns:Exclusions>
            <ns:SerID>AADJ01</ns:SerID>
            <ns:AgrAdj>0001</ns:AgrAdj>
            <ns:TotCst>-50</ns:TotCst>
        </ns:Exclusions>
        <ns:Exclusions>
            <ns:SerID>AADJ01</ns:SerID>
            <ns:AgrAdj>A</ns:AgrAdj>
            <ns:TotCst>-50</ns:TotCst>
        </ns:Exclusions>
        <ns:Exclusions>
            <ns:SerID>AADJ01</ns:SerID>
            <ns:AgrAdj>AD1</ns:AgrAdj>
            <ns:TotCst>-50</ns:TotCst>
        </ns:Exclusions>
        <ns:Exclusions>
            <ns:SerID>EXC007</ns:SerID>
            <ns:AgrAdj></ns:AgrAdj>
            <ns:TotCst>-50</ns:TotCst>
        </ns:Exclusions>
        <ns:Exclusions>
            <ns:SerID>EXC008</ns:SerID>
            <ns:AgrAdj></ns:AgrAdj>
            <ns:TotCst>-50</ns:TotCst>
        </ns:Exclusions>
        <ns:Exclusions>
            <ns:SerID>EXC009</ns:SerID>
            <ns:AgrAdj></ns:AgrAdj>
            <ns:TotCst>-50</ns:TotCst>
        </ns:Exclusions>
        <ns:Exclusions>
            <ns:SerID>EXC010</ns:SerID>
            <ns:AgrAdj></ns:AgrAdj>
            <ns:TotCst>-50</ns:TotCst>
        </ns:Exclusions>
        <ns:Exclusions>
            <ns:SerID>EXC011</ns:SerID>
            <ns:AgrAdj></ns:AgrAdj>
            <ns:TotCst>-50</ns:TotCst>
        </ns:Exclusions>
        <ns:Exclusions>
            <ns:SerID>EXC012</ns:SerID>
            <ns:AgrAdj></ns:AgrAdj>
            <ns:TotCst>-50</ns:TotCst>
        </ns:Exclusions>
        <ns:Exclusions>
            <ns:SerID>EXC013</ns:SerID>
            <ns:AgrAdj></ns:AgrAdj>
            <ns:TotCst>-50</ns:TotCst>
        </ns:Exclusions>
        <ns:Exclusions>
            <ns:SerID>EXC014</ns:SerID>
            <ns:AgrAdj></ns:AgrAdj>
            <ns:TotCst>-500000</ns:TotCst>
        </ns:Exclusions>
    </ns:ServiceCostExclusions>
</ns:HCDSExtract>