<?xml version='1.0' encoding='utf-8'?><ns:HCDSExtract xmlns:xsi="http://www.w3.org/2001/XMLSchema-instance" xmlns:ns="http://Improvement.nhs.uk/HealthcareCostingDataSet/v1.12-2122">
  <ns:MessageHeader>
    <ns:OrgSubmittingID>RRK</ns:OrgSubmittingID>
    <ns:FinYr>FY2021-22</ns:FinYr>
    <ns:PeriodStartDate>2022-02-01</ns:PeriodStartDate>
    <ns:PeriodEndDate>2022-02-28</ns:PeriodEndDate>
    <ns:CreateDateTime>2022-09-01T08:58:00</ns:CreateDateTime>
    <ns:FeedType>MHCC</ns:FeedType>
    <ns:NoOfActivityRecords>4</ns:NoOfActivityRecords>
    <ns:TotalCosts>13171.7</ns:TotalCosts>
  </ns:MessageHeader>
  <ns:MessageBody>
    <ns:Activity>
      <ns:OrgId>RRK</ns:OrgId>
      <ns:PLEMI>ROL6901651999009947150751213879904796737234992-585</ns:PLEMI>
      <ns:SerReqID>2563344222939520565</ns:SerReqID>
      <ns:CareId>20516716395038175450</ns:CareId>
      <ns:CareDte>2022-02-08</ns:CareDte>
      <ns:Attendance>5</ns:Attendance>
      <ns:PatCAS>02</ns:PatCAS>
      <ns:Cluster/>
      <ns:CstActivity>
        <ns:ActCstID>THR003</ns:ActCstID>
        <ns:ActCnt>6121</ns:ActCnt>
        <ns:Resource>
          <ns:ResCstID>CPF022</ns:ResCstID>
          <ns:TotCst>841.59</ns:TotCst>
        </ns:Resource>
        <ns:Resource>
          <ns:ResCstID>CSC004</ns:ResCstID>
          <ns:TotCst>48.79</ns:TotCst>
        </ns:Resource>
        <ns:Resource>
          <ns:ResCstID>CPF017</ns:ResCstID>
          <ns:TotCst>368.57</ns:TotCst>
        </ns:Resource>
        <ns:Resource>
          <ns:ResCstID>CPF005</ns:ResCstID>
          <ns:TotCst>22.77</ns:TotCst>
        </ns:Resource>
      </ns:CstActivity>
      <ns:CstActivity>
        <ns:ActCstID>GRP001</ns:ActCstID>
        <ns:ActCnt>4301</ns:ActCnt>
        <ns:Resource>
          <ns:ResCstID>CPF031</ns:ResCstID>
          <ns:TotCst>667.16</ns:TotCst>
        </ns:Resource>
      </ns:CstActivity>
      <ns:CstActivity>
        <ns:ActCstID>OUT005</ns:ActCstID>
        <ns:ActCnt>9015</ns:ActCnt>
        <ns:Resource>
          <ns:ResCstID>CPF030</ns:ResCstID>
          <ns:TotCst>658.36</ns:TotCst>
        </ns:Resource>
        <ns:Resource>
          <ns:ResCstID>CPF001</ns:ResCstID>
          <ns:TotCst>392.94</ns:TotCst>
        </ns:Resource>
        <ns:Resource>
          <ns:ResCstID>CPF017</ns:ResCstID>
          <ns:TotCst>46.42</ns:TotCst>
        </ns:Resource>
        <ns:Resource>
          <ns:ResCstID>CPF005</ns:ResCstID>
          <ns:TotCst>208.77</ns:TotCst>
        </ns:Resource>
      </ns:CstActivity>
    </ns:Activity>
    <ns:Activity>
      <ns:OrgId>RRK</ns:OrgId>
      <ns:PLEMI>JQI5481090058445534839177995516703361810099326-165</ns:PLEMI>
      <ns:SerReqID>9196</ns:SerReqID>
      <ns:CareId>6252</ns:CareId>
      <ns:CareDte>2022-02-23</ns:CareDte>
      <ns:Attendance>6</ns:Attendance>
      <ns:PatCAS>01</ns:PatCAS>
      <ns:Cluster>20</ns:Cluster>
      <ns:CstActivity>
        <ns:ActCstID>PAT008</ns:ActCstID>
        <ns:ActCnt>7069</ns:ActCnt>
        <ns:Resource>
          <ns:ResCstID>CPF022</ns:ResCstID>
          <ns:TotCst>769.69</ns:TotCst>
        </ns:Resource>
      </ns:CstActivity>
      <ns:CstActivity>
        <ns:ActCstID>SPS003</ns:ActCstID>
        <ns:ActCnt>2614</ns:ActCnt>
        <ns:Resource>
          <ns:ResCstID>CPF023</ns:ResCstID>
          <ns:TotCst>380.21</ns:TotCst>
        </ns:Resource>
        <ns:Resource>
          <ns:ResCstID>CPF001</ns:ResCstID>
          <ns:TotCst>476.53</ns:TotCst>
        </ns:Resource>
        <ns:Resource>
          <ns:ResCstID>CSC005</ns:ResCstID>
          <ns:TotCst>217.12</ns:TotCst>
        </ns:Resource>
      </ns:CstActivity>
      <ns:CstActivity>
        <ns:ActCstID>PAT004</ns:ActCstID>
        <ns:ActCnt>2094</ns:ActCnt>
        <ns:Resource>
          <ns:ResCstID>CSC005</ns:ResCstID>
          <ns:TotCst>141.02</ns:TotCst>
        </ns:Resource>
      </ns:CstActivity>
    </ns:Activity>
    <ns:Activity>
      <ns:OrgId>RRK</ns:OrgId>
      <ns:PLEMI>YSG6014915250579434221750000305993190349042825-290</ns:PLEMI>
      <ns:SerReqID>56989512654622839401</ns:SerReqID>
      <ns:CareId>96011744966048147699</ns:CareId>
      <ns:CareDte>2022-02-05</ns:CareDte>
      <ns:Attendance>6</ns:Attendance>
      <ns:PatCAS>04</ns:PatCAS>
      <ns:Cluster/>
      <ns:CstActivity>
        <ns:ActCstID>PAT003</ns:ActCstID>
        <ns:ActCnt>4821</ns:ActCnt>
        <ns:Resource>
          <ns:ResCstID>CPF031</ns:ResCstID>
          <ns:TotCst>446.54</ns:TotCst>
        </ns:Resource>
        <ns:Resource>
          <ns:ResCstID>CSC005</ns:ResCstID>
          <ns:TotCst>359.45</ns:TotCst>
        </ns:Resource>
        <ns:Resource>
          <ns:ResCstID>CPF032</ns:ResCstID>
          <ns:TotCst>371.66</ns:TotCst>
        </ns:Resource>
        <ns:Resource>
          <ns:ResCstID>CSC004</ns:ResCstID>
          <ns:TotCst>473.20</ns:TotCst>
        </ns:Resource>
      </ns:CstActivity>
      <ns:CstActivity>
        <ns:ActCstID>PAT006</ns:ActCstID>
        <ns:ActCnt>5189</ns:ActCnt>
        <ns:Resource>
          <ns:ResCstID>CPF030</ns:ResCstID>
          <ns:TotCst>460.16</ns:TotCst>
        </ns:Resource>
        <ns:Resource>
          <ns:ResCstID>CSC005</ns:ResCstID>
          <ns:TotCst>167.44</ns:TotCst>
        </ns:Resource>
      </ns:CstActivity>
    </ns:Activity>
    <ns:Activity>
      <ns:OrgId>RRK</ns:OrgId>
      <ns:PLEMI>QSB2941998055151855013480535447193947264227378-824</ns:PLEMI>
      <ns:SerReqID>66976199075172506003</ns:SerReqID>
      <ns:CareId>62303996750252492634</ns:CareId>
      <ns:CareDte>2022-02-21</ns:CareDte>
      <ns:Attendance>6</ns:Attendance>
      <ns:PatCAS>01</ns:PatCAS>
      <ns:Cluster>11</ns:Cluster>
      <ns:CstActivity>
        <ns:ActCstID>COM004</ns:ActCstID>
        <ns:ActCnt>3052</ns:ActCnt>
        <ns:Resource>
          <ns:ResCstID>CPF001</ns:ResCstID>
          <ns:TotCst>410.33</ns:TotCst>
        </ns:Resource>
        <ns:Resource>
          <ns:ResCstID>CPF002</ns:ResCstID>
          <ns:TotCst>433.11</ns:TotCst>
        </ns:Resource>
        <ns:Resource>
          <ns:ResCstID>CPF011</ns:ResCstID>
          <ns:TotCst>227.56</ns:TotCst>
        </ns:Resource>
      </ns:CstActivity>
      <ns:CstActivity>
        <ns:ActCstID>DEV001</ns:ActCstID>
        <ns:ActCnt>5105</ns:ActCnt>
        <ns:Resource>
          <ns:ResCstID>CPF001</ns:ResCstID>
          <ns:TotCst>146.50</ns:TotCst>
        </ns:Resource>
        <ns:Resource>
          <ns:ResCstID>CSC008</ns:ResCstID>
          <ns:TotCst>928.79</ns:TotCst>
        </ns:Resource>
        <ns:Resource>
          <ns:ResCstID>CPF023</ns:ResCstID>
          <ns:TotCst>289.02</ns:TotCst>
        </ns:Resource>
        <ns:Resource>
          <ns:ResCstID>CPF010</ns:ResCstID>
          <ns:TotCst>925.66</ns:TotCst>
        </ns:Resource>
      </ns:CstActivity>
      <ns:CstActivity>
        <ns:ActCstID>DEN001</ns:ActCstID>
        <ns:ActCnt>4328</ns:ActCnt>
        <ns:Resource>
          <ns:ResCstID>CPF022</ns:ResCstID>
          <ns:TotCst>716.79</ns:TotCst>
        </ns:Resource>
        <ns:Resource>
          <ns:ResCstID>CPF022</ns:ResCstID>
          <ns:TotCst>110.35</ns:TotCst>
        </ns:Resource>
        <ns:Resource>
          <ns:ResCstID>CPF024</ns:ResCstID>
          <ns:TotCst>991.31</ns:TotCst>
        </ns:Resource>
        <ns:Resource>
          <ns:ResCstID>CPF001</ns:ResCstID>
          <ns:TotCst>473.89</ns:TotCst>
        </ns:Resource>
      </ns:CstActivity>
    </ns:Activity>
  </ns:MessageBody>
</ns:HCDSExtract>
