<?xml version='1.0' encoding='utf-8'?><ns:HCDSExtract xmlns:xsi="http://www.w3.org/2001/XMLSchema-instance" xmlns:ns="http://Improvement.nhs.uk/HealthcareCostingDataSet/v1.12-2122">
  <ns:MessageHeader>
    <ns:OrgSubmittingID>RRK</ns:OrgSubmittingID>
    <ns:FinYr>FY2021-22</ns:FinYr>
    <ns:PeriodStartDate>2021-05-01</ns:PeriodStartDate>
    <ns:PeriodEndDate>2021-05-31</ns:PeriodEndDate>
    <ns:CreateDateTime>2022-09-01T08:59:00</ns:CreateDateTime>
    <ns:FeedType>MHPS</ns:FeedType>
    <ns:NoOfActivityRecords>4</ns:NoOfActivityRecords>
    <ns:TotalCosts>8048.96</ns:TotalCosts>
  </ns:MessageHeader>
  <ns:MessageBody>
    <ns:Activity>
      <ns:OrgId>RRK</ns:OrgId>
      <ns:PLEMI>ROL6901651999009947150751213879904796737234992-585</ns:PLEMI>
      <ns:SerReqID>5960937047091780657</ns:SerReqID>
      <ns:HSpellId>49025635809817566689</ns:HSpellId>
      <ns:HSpllStDte>2021-05-09</ns:HSpllStDte>
      <ns:HSpllDisDte>2021-06-14</ns:HSpllDisDte>
      <ns:SpllType>2</ns:SpllType>
      <ns:PatCAS>01</ns:PatCAS>
      <ns:PatCASStDte>2021-05-09</ns:PatCASStDte>
      <ns:PatCASEndDte>2021-06-14</ns:PatCASEndDte>
      <ns:Cluster>10</ns:Cluster>
      <ns:StartDateCareClust>2021-05-09</ns:StartDateCareClust>
      <ns:EndDateCareClust>2021-06-14</ns:EndDateCareClust>
      <ns:CstActivity>
        <ns:ActCstID>PAT006</ns:ActCstID>
        <ns:ActCnt>390</ns:ActCnt>
        <ns:Resource>
          <ns:ResCstID>CPF024</ns:ResCstID>
          <ns:TotCst>926.26</ns:TotCst>
        </ns:Resource>
        <ns:Resource>
          <ns:ResCstID>CPF024</ns:ResCstID>
          <ns:TotCst>829.04</ns:TotCst>
        </ns:Resource>
        <ns:Resource>
          <ns:ResCstID>CPF032</ns:ResCstID>
          <ns:TotCst>742.77</ns:TotCst>
        </ns:Resource>
        <ns:Resource>
          <ns:ResCstID>CSC008</ns:ResCstID>
          <ns:TotCst>563.82</ns:TotCst>
        </ns:Resource>
      </ns:CstActivity>
    </ns:Activity>
    <ns:Activity>
      <ns:OrgId>RRK</ns:OrgId>
      <ns:PLEMI>JQI5481090058445534839177995516703361810099326-165</ns:PLEMI>
      <ns:SerReqID>21072144489495855406</ns:SerReqID>
      <ns:HSpellId>26703071654100686094</ns:HSpellId>
      <ns:HSpllStDte>2021-05-15</ns:HSpllStDte>
      <ns:HSpllDisDte>2021-06-27</ns:HSpllDisDte>
      <ns:SpllType>2</ns:SpllType>
      <ns:PatCAS>01</ns:PatCAS>
      <ns:PatCASStDte>2021-05-15</ns:PatCASStDte>
      <ns:PatCASEndDte>2021-06-27</ns:PatCASEndDte>
      <ns:Cluster>08</ns:Cluster>
      <ns:StartDateCareClust>2021-05-15</ns:StartDateCareClust>
      <ns:EndDateCareClust>2021-06-27</ns:EndDateCareClust>
      <ns:CstActivity>
        <ns:ActCstID>DIM011</ns:ActCstID>
        <ns:ActCnt>1279</ns:ActCnt>
        <ns:Resource>
          <ns:ResCstID>CPF001</ns:ResCstID>
          <ns:TotCst>732.62</ns:TotCst>
        </ns:Resource>
      </ns:CstActivity>
    </ns:Activity>
    <ns:Activity>
      <ns:OrgId>RRK</ns:OrgId>
      <ns:PLEMI>MDU4268186265622495181380812697929178478438553-514</ns:PLEMI>
      <ns:SerReqID>68840630803892738703</ns:SerReqID>
      <ns:HSpellId>29005200511376640483</ns:HSpellId>
      <ns:HSpllStDte>2021-05-02</ns:HSpllStDte>
      <ns:HSpllDisDte>2021-06-03</ns:HSpllDisDte>
      <ns:SpllType>2</ns:SpllType>
      <ns:PatCAS>04</ns:PatCAS>
      <ns:PatCASStDte>2021-05-02</ns:PatCASStDte>
      <ns:PatCASEndDte>2021-06-03</ns:PatCASEndDte>
      <ns:Cluster/>
      <ns:StartDateCareClust/>
      <ns:EndDateCareClust/>
      <ns:CstActivity>
        <ns:ActCstID>PAT007</ns:ActCstID>
        <ns:ActCnt>5786</ns:ActCnt>
        <ns:Resource>
          <ns:ResCstID>CSC006</ns:ResCstID>
          <ns:TotCst>509.47</ns:TotCst>
        </ns:Resource>
        <ns:Resource>
          <ns:ResCstID>CPF022</ns:ResCstID>
          <ns:TotCst>536.43</ns:TotCst>
        </ns:Resource>
      </ns:CstActivity>
      <ns:CstActivity>
        <ns:ActCstID>PHA007</ns:ActCstID>
        <ns:ActCnt>4979</ns:ActCnt>
        <ns:Resource>
          <ns:ResCstID>CPF032</ns:ResCstID>
          <ns:TotCst>464.88</ns:TotCst>
        </ns:Resource>
      </ns:CstActivity>
      <ns:CstActivity>
        <ns:ActCstID>COM001</ns:ActCstID>
        <ns:ActCnt>1211</ns:ActCnt>
        <ns:Resource>
          <ns:ResCstID>CPF023</ns:ResCstID>
          <ns:TotCst>609.08</ns:TotCst>
        </ns:Resource>
        <ns:Resource>
          <ns:ResCstID>CPF024</ns:ResCstID>
          <ns:TotCst>576.12</ns:TotCst>
        </ns:Resource>
      </ns:CstActivity>
    </ns:Activity>
    <ns:Activity>
      <ns:OrgId>RRK</ns:OrgId>
      <ns:PLEMI>ISH9454129320268646172586319001278763687764695-176</ns:PLEMI>
      <ns:SerReqID>9868902146563292887</ns:SerReqID>
      <ns:HSpellId>47622474139785145205</ns:HSpellId>
      <ns:HSpllStDte>2021-05-21</ns:HSpllStDte>
      <ns:HSpllDisDte>2021-06-13</ns:HSpllDisDte>
      <ns:SpllType>4</ns:SpllType>
      <ns:PatCAS>04</ns:PatCAS>
      <ns:PatCASStDte>2021-05-21</ns:PatCASStDte>
      <ns:PatCASEndDte>2021-06-13</ns:PatCASEndDte>
      <ns:Cluster/>
      <ns:StartDateCareClust/>
      <ns:EndDateCareClust/>
      <ns:CstActivity>
        <ns:ActCstID>PAT001</ns:ActCstID>
        <ns:ActCnt>9863</ns:ActCnt>
        <ns:Resource>
          <ns:ResCstID>CSC004</ns:ResCstID>
          <ns:TotCst>634.58</ns:TotCst>
        </ns:Resource>
        <ns:Resource>
          <ns:ResCstID>CSC005</ns:ResCstID>
          <ns:TotCst>15.31</ns:TotCst>
        </ns:Resource>
        <ns:Resource>
          <ns:ResCstID>CPF029</ns:ResCstID>
          <ns:TotCst>908.58</ns:TotCst>
        </ns:Resource>
      </ns:CstActivity>
    </ns:Activity>
  </ns:MessageBody>
</ns:HCDSExtract>
