<?xml version='1.0' encoding='utf-8'?><ns:HCDSExtract xmlns:xsi="http://www.w3.org/2001/XMLSchema-instance" xmlns:ns="http://Improvement.nhs.uk/HealthcareCostingDataSet/v1.12-2122">
  <ns:MessageHeader>
    <ns:OrgSubmittingID>RRK</ns:OrgSubmittingID>
    <ns:FinYr>FY2021-22</ns:FinYr>
    <ns:PeriodStartDate>2022-01-01</ns:PeriodStartDate>
    <ns:PeriodEndDate>2022-01-31</ns:PeriodEndDate>
    <ns:CreateDateTime>2022-08-09T09:13:00</ns:CreateDateTime>
    <ns:FeedType>OP</ns:FeedType>
    <ns:NoOfActivityRecords>20</ns:NoOfActivityRecords>
    <ns:TotalCosts>42022.61</ns:TotalCosts>
  </ns:MessageHeader>
  <ns:MessageBody>
    <ns:Activity>
      <ns:OrgId>RRK</ns:OrgId>
      <ns:PLEMI>EOI8016336554499424845432715976265711792281499-651</ns:PLEMI>
      <ns:CDSID>38457882353855176515451225763227277</ns:CDSID>
      <ns:NHSNo>6097195070</ns:NHSNo>
      <ns:NhsSt>05</ns:NhsSt>
      <ns:Postcd>SP2W 1NA</ns:Postcd>
      <ns:DoB>1977-03-23</ns:DoB>
      <ns:Gendr/>
      <ns:PathId>86073532247460846827</ns:PathId>
      <ns:PatOrgId/>
      <ns:Pod>NCL</ns:Pod>
      <ns:AttID>525954314260</ns:AttID>
      <ns:AppDate>2021-07-21</ns:AppDate>
      <ns:AppTime>02:04:33</ns:AppTime>
      <ns:Tfc>303</ns:Tfc>
      <ns:CFBand>3</ns:CFBand>
      <ns:WhActTyp>WCC20</ns:WhActTyp>
      <ns:PartCost>01</ns:PartCost>
      <ns:HRG>ED25C</ns:HRG>
      <ns:CstActivity>
        <ns:ActCstID>PAT002</ns:ActCstID>
        <ns:ActCnt>2787</ns:ActCnt>
        <ns:Resource>
          <ns:ResCstID>CPF011</ns:ResCstID>
          <ns:TotCst>670.54</ns:TotCst>
        </ns:Resource>
        <ns:Resource>
          <ns:ResCstID>CPF005</ns:ResCstID>
          <ns:TotCst>509.79</ns:TotCst>
        </ns:Resource>
      </ns:CstActivity>
    </ns:Activity>
    <ns:Activity>
      <ns:OrgId>RRK</ns:OrgId>
      <ns:PLEMI>ZQM0914326584571214910399653213959242053240486-644</ns:PLEMI>
      <ns:CDSID>42080380231641504271942375917607018</ns:CDSID>
      <ns:NHSNo>9106166554</ns:NHSNo>
      <ns:NhsSt>02</ns:NhsSt>
      <ns:Postcd>HG6W 3HF</ns:Postcd>
      <ns:DoB>1908-09-21</ns:DoB>
      <ns:Gendr/>
      <ns:PathId>95640642871493163427</ns:PathId>
      <ns:PatOrgId>iXTXE</ns:PatOrgId>
      <ns:Pod>NCL</ns:Pod>
      <ns:AttID>501929056618</ns:AttID>
      <ns:AppDate>2021-11-07</ns:AppDate>
      <ns:AppTime>06:58:01</ns:AppTime>
      <ns:Tfc>115</ns:Tfc>
      <ns:CFBand/>
      <ns:WhActTyp>WCC12</ns:WhActTyp>
      <ns:PartCost>02</ns:PartCost>
      <ns:HRG>YJ04Z</ns:HRG>
      <ns:CstActivity>
        <ns:ActCstID>COM001</ns:ActCstID>
        <ns:ActCnt>2994</ns:ActCnt>
        <ns:Resource>
          <ns:ResCstID>CSC004</ns:ResCstID>
          <ns:TotCst>182.97</ns:TotCst>
        </ns:Resource>
        <ns:Resource>
          <ns:ResCstID>CPF002</ns:ResCstID>
          <ns:TotCst>253.16</ns:TotCst>
        </ns:Resource>
        <ns:Resource>
          <ns:ResCstID>CPF010</ns:ResCstID>
          <ns:TotCst>261.76</ns:TotCst>
        </ns:Resource>
      </ns:CstActivity>
      <ns:CstActivity>
        <ns:ActCstID>GRP001</ns:ActCstID>
        <ns:ActCnt>5999</ns:ActCnt>
        <ns:Resource>
          <ns:ResCstID>CPF023</ns:ResCstID>
          <ns:TotCst>98.98</ns:TotCst>
        </ns:Resource>
        <ns:Resource>
          <ns:ResCstID>CPF010</ns:ResCstID>
          <ns:TotCst>977.82</ns:TotCst>
        </ns:Resource>
        <ns:Resource>
          <ns:ResCstID>CPF001</ns:ResCstID>
          <ns:TotCst>538.82</ns:TotCst>
        </ns:Resource>
      </ns:CstActivity>
    </ns:Activity>
    <ns:Activity>
      <ns:OrgId>RRK</ns:OrgId>
      <ns:PLEMI>DWA6024324888140913352393978925659633870933631-162</ns:PLEMI>
      <ns:CDSID>96387480638231240654783872824321060</ns:CDSID>
      <ns:NHSNo>3095791919</ns:NHSNo>
      <ns:NhsSt>07</ns:NhsSt>
      <ns:Postcd>CM9 1QY</ns:Postcd>
      <ns:DoB>2020-07-04</ns:DoB>
      <ns:Gendr>x</ns:Gendr>
      <ns:PathId>67683396683599236018</ns:PathId>
      <ns:PatOrgId>5cw6p</ns:PatOrgId>
      <ns:Pod>NCL</ns:Pod>
      <ns:AttID>914258995926</ns:AttID>
      <ns:AppDate>2022-03-13</ns:AppDate>
      <ns:AppTime>20:14:40</ns:AppTime>
      <ns:Tfc>264</ns:Tfc>
      <ns:CFBand>3</ns:CFBand>
      <ns:WhActTyp>WCC03</ns:WhActTyp>
      <ns:PartCost>02</ns:PartCost>
      <ns:HRG>EY04B</ns:HRG>
      <ns:CstActivity>
        <ns:ActCstID>COM001</ns:ActCstID>
        <ns:ActCnt>5759</ns:ActCnt>
        <ns:Resource>
          <ns:ResCstID>CPF024</ns:ResCstID>
          <ns:TotCst>571.87</ns:TotCst>
        </ns:Resource>
        <ns:Resource>
          <ns:ResCstID>CSC005</ns:ResCstID>
          <ns:TotCst>932.51</ns:TotCst>
        </ns:Resource>
        <ns:Resource>
          <ns:ResCstID>CPF011</ns:ResCstID>
          <ns:TotCst>243.87</ns:TotCst>
        </ns:Resource>
      </ns:CstActivity>
      <ns:CstActivity>
        <ns:ActCstID>PHA006</ns:ActCstID>
        <ns:ActCnt>1920</ns:ActCnt>
        <ns:Resource>
          <ns:ResCstID>CPF029</ns:ResCstID>
          <ns:TotCst>84.89</ns:TotCst>
        </ns:Resource>
      </ns:CstActivity>
    </ns:Activity>
    <ns:Activity>
      <ns:OrgId>RRK</ns:OrgId>
      <ns:PLEMI>TBW1245110797714116290778839905382317923356062-700</ns:PLEMI>
      <ns:CDSID>87474725729697824662231670757643836</ns:CDSID>
      <ns:NHSNo>2064093469</ns:NHSNo>
      <ns:NhsSt>08</ns:NhsSt>
      <ns:Postcd>E31 9EW</ns:Postcd>
      <ns:DoB>2014-07-25</ns:DoB>
      <ns:Gendr>x</ns:Gendr>
      <ns:PathId>39364033848148853936</ns:PathId>
      <ns:PatOrgId/>
      <ns:Pod>OPROC</ns:Pod>
      <ns:AttID>266747522031</ns:AttID>
      <ns:AppDate>2022-01-17</ns:AppDate>
      <ns:AppTime>22:12:43</ns:AppTime>
      <ns:Tfc>262</ns:Tfc>
      <ns:CFBand>2</ns:CFBand>
      <ns:WhActTyp>WCC20</ns:WhActTyp>
      <ns:PartCost>02</ns:PartCost>
      <ns:HRG>LB14Z</ns:HRG>
      <ns:CstActivity>
        <ns:ActCstID>PAT003</ns:ActCstID>
        <ns:ActCnt>1848</ns:ActCnt>
        <ns:Resource>
          <ns:ResCstID>CPF022</ns:ResCstID>
          <ns:TotCst>586.16</ns:TotCst>
        </ns:Resource>
      </ns:CstActivity>
      <ns:CstActivity>
        <ns:ActCstID>THR003</ns:ActCstID>
        <ns:ActCnt>1479</ns:ActCnt>
        <ns:Resource>
          <ns:ResCstID>CPF002</ns:ResCstID>
          <ns:TotCst>383.42</ns:TotCst>
        </ns:Resource>
        <ns:Resource>
          <ns:ResCstID>CSC006</ns:ResCstID>
          <ns:TotCst>193.81</ns:TotCst>
        </ns:Resource>
        <ns:Resource>
          <ns:ResCstID>CPF031</ns:ResCstID>
          <ns:TotCst>918.59</ns:TotCst>
        </ns:Resource>
        <ns:Resource>
          <ns:ResCstID>CPF024</ns:ResCstID>
          <ns:TotCst>952.30</ns:TotCst>
        </ns:Resource>
      </ns:CstActivity>
    </ns:Activity>
    <ns:Activity>
      <ns:OrgId>RRK</ns:OrgId>
      <ns:PLEMI>QEK1256376980827741614077127233714946973219709-216</ns:PLEMI>
      <ns:CDSID>99067290088175835510162871465464696</ns:CDSID>
      <ns:NHSNo>3080581234</ns:NHSNo>
      <ns:NhsSt>03</ns:NhsSt>
      <ns:Postcd>L4J 3GD</ns:Postcd>
      <ns:DoB>1979-03-25</ns:DoB>
      <ns:Gendr/>
      <ns:PathId>86699418058819231968</ns:PathId>
      <ns:PatOrgId/>
      <ns:Pod>OPROC</ns:Pod>
      <ns:AttID>455076129940</ns:AttID>
      <ns:AppDate>2021-09-07</ns:AppDate>
      <ns:AppTime>11:57:00</ns:AppTime>
      <ns:Tfc>651</ns:Tfc>
      <ns:CFBand>2A</ns:CFBand>
      <ns:WhActTyp>WCC19</ns:WhActTyp>
      <ns:PartCost>02</ns:PartCost>
      <ns:HRG>BZ85Z</ns:HRG>
      <ns:CstActivity>
        <ns:ActCstID>DIM006</ns:ActCstID>
        <ns:ActCnt>1339</ns:ActCnt>
        <ns:Resource>
          <ns:ResCstID>CPF031</ns:ResCstID>
          <ns:TotCst>678.48</ns:TotCst>
        </ns:Resource>
      </ns:CstActivity>
    </ns:Activity>
    <ns:Activity>
      <ns:OrgId>RRK</ns:OrgId>
      <ns:PLEMI>LHH6995186302576077796826157901139398750048385-411</ns:PLEMI>
      <ns:CDSID>23205693987917261440777242256065550</ns:CDSID>
      <ns:NHSNo>7665417788</ns:NHSNo>
      <ns:NhsSt>06</ns:NhsSt>
      <ns:Postcd>S65 6HB</ns:Postcd>
      <ns:DoB>1997-03-28</ns:DoB>
      <ns:Gendr>1</ns:Gendr>
      <ns:PathId>13726998919225122220</ns:PathId>
      <ns:PatOrgId>P8tBo</ns:PatOrgId>
      <ns:Pod>NCL</ns:Pod>
      <ns:AttID>640160238422</ns:AttID>
      <ns:AppDate>2021-05-09</ns:AppDate>
      <ns:AppTime>21:34:03</ns:AppTime>
      <ns:Tfc>256</ns:Tfc>
      <ns:CFBand>4</ns:CFBand>
      <ns:WhActTyp>WCC28</ns:WhActTyp>
      <ns:PartCost>01</ns:PartCost>
      <ns:HRG>YH10Z</ns:HRG>
      <ns:CstActivity>
        <ns:ActCstID>SPS003</ns:ActCstID>
        <ns:ActCnt>2314</ns:ActCnt>
        <ns:Resource>
          <ns:ResCstID>CPF031</ns:ResCstID>
          <ns:TotCst>264.31</ns:TotCst>
        </ns:Resource>
        <ns:Resource>
          <ns:ResCstID>CPF017</ns:ResCstID>
          <ns:TotCst>786.89</ns:TotCst>
        </ns:Resource>
        <ns:Resource>
          <ns:ResCstID>CPF022</ns:ResCstID>
          <ns:TotCst>408.55</ns:TotCst>
        </ns:Resource>
        <ns:Resource>
          <ns:ResCstID>CPF010</ns:ResCstID>
          <ns:TotCst>584.25</ns:TotCst>
        </ns:Resource>
      </ns:CstActivity>
    </ns:Activity>
    <ns:Activity>
      <ns:OrgId>RRK</ns:OrgId>
      <ns:PLEMI>OSC7757494527539568355647840296270188411537138-450</ns:PLEMI>
      <ns:CDSID>34924018787652980938775538541650088</ns:CDSID>
      <ns:NHSNo>2712469843</ns:NHSNo>
      <ns:NhsSt/>
      <ns:Postcd>HA5R 0LY</ns:Postcd>
      <ns:DoB>1986-12-08</ns:DoB>
      <ns:Gendr>X</ns:Gendr>
      <ns:PathId>31855213248219551975</ns:PathId>
      <ns:PatOrgId/>
      <ns:Pod>NCL</ns:Pod>
      <ns:AttID>544439756986</ns:AttID>
      <ns:AppDate>2021-06-05</ns:AppDate>
      <ns:AppTime>21:30:28</ns:AppTime>
      <ns:Tfc>451</ns:Tfc>
      <ns:CFBand/>
      <ns:WhActTyp>WCC29</ns:WhActTyp>
      <ns:PartCost>01</ns:PartCost>
      <ns:HRG>CA80C</ns:HRG>
      <ns:CstActivity>
        <ns:ActCstID>PAT001</ns:ActCstID>
        <ns:ActCnt>2267</ns:ActCnt>
        <ns:Resource>
          <ns:ResCstID>CSC006</ns:ResCstID>
          <ns:TotCst>469.50</ns:TotCst>
        </ns:Resource>
        <ns:Resource>
          <ns:ResCstID>CSC004</ns:ResCstID>
          <ns:TotCst>818.58</ns:TotCst>
        </ns:Resource>
        <ns:Resource>
          <ns:ResCstID>CSC004</ns:ResCstID>
          <ns:TotCst>835.37</ns:TotCst>
        </ns:Resource>
      </ns:CstActivity>
    </ns:Activity>
    <ns:Activity>
      <ns:OrgId>RRK</ns:OrgId>
      <ns:PLEMI>ARY4843858201352056718353640981405750590637527-132</ns:PLEMI>
      <ns:CDSID>44867820211164805037334518346715090</ns:CDSID>
      <ns:NHSNo>5755635580</ns:NHSNo>
      <ns:NhsSt>01</ns:NhsSt>
      <ns:Postcd>IM8P 0BP</ns:Postcd>
      <ns:DoB>1952-05-06</ns:DoB>
      <ns:Gendr/>
      <ns:PathId>6301539486954972152</ns:PathId>
      <ns:PatOrgId/>
      <ns:Pod>NCL</ns:Pod>
      <ns:AttID>769196976954</ns:AttID>
      <ns:AppDate>2022-01-06</ns:AppDate>
      <ns:AppTime>20:25:28</ns:AppTime>
      <ns:Tfc>326</ns:Tfc>
      <ns:CFBand>4</ns:CFBand>
      <ns:WhActTyp>WCC05</ns:WhActTyp>
      <ns:PartCost>02</ns:PartCost>
      <ns:HRG>DZ64D</ns:HRG>
      <ns:CstActivity>
        <ns:ActCstID>PAT008</ns:ActCstID>
        <ns:ActCnt>5979</ns:ActCnt>
        <ns:Resource>
          <ns:ResCstID>CSC006</ns:ResCstID>
          <ns:TotCst>216.62</ns:TotCst>
        </ns:Resource>
        <ns:Resource>
          <ns:ResCstID>CSC006</ns:ResCstID>
          <ns:TotCst>414.29</ns:TotCst>
        </ns:Resource>
        <ns:Resource>
          <ns:ResCstID>CSC005</ns:ResCstID>
          <ns:TotCst>420.56</ns:TotCst>
        </ns:Resource>
        <ns:Resource>
          <ns:ResCstID>CPF029</ns:ResCstID>
          <ns:TotCst>326.35</ns:TotCst>
        </ns:Resource>
      </ns:CstActivity>
    </ns:Activity>
    <ns:Activity>
      <ns:OrgId>RRK</ns:OrgId>
      <ns:PLEMI>EFD2876614726482480899929733554646835470315671-227</ns:PLEMI>
      <ns:CDSID>28271971830897222998563481662424807</ns:CDSID>
      <ns:NHSNo>7749213870</ns:NHSNo>
      <ns:NhsSt/>
      <ns:Postcd>M00 2QX</ns:Postcd>
      <ns:DoB>1950-11-26</ns:DoB>
      <ns:Gendr>9</ns:Gendr>
      <ns:PathId>51885573410721932286</ns:PathId>
      <ns:PatOrgId>pIaP1</ns:PatOrgId>
      <ns:Pod>NCL</ns:Pod>
      <ns:AttID>905653035401</ns:AttID>
      <ns:AppDate>2021-12-15</ns:AppDate>
      <ns:AppTime>04:59:40</ns:AppTime>
      <ns:Tfc>256</ns:Tfc>
      <ns:CFBand/>
      <ns:WhActTyp>WCC06</ns:WhActTyp>
      <ns:PartCost>01</ns:PartCost>
      <ns:HRG>LB60F</ns:HRG>
      <ns:CstActivity>
        <ns:ActCstID>BLD003</ns:ActCstID>
        <ns:ActCnt>5522</ns:ActCnt>
        <ns:Resource>
          <ns:ResCstID>CPF032</ns:ResCstID>
          <ns:TotCst>458.97</ns:TotCst>
        </ns:Resource>
        <ns:Resource>
          <ns:ResCstID>CPF029</ns:ResCstID>
          <ns:TotCst>334.56</ns:TotCst>
        </ns:Resource>
        <ns:Resource>
          <ns:ResCstID>CPF011</ns:ResCstID>
          <ns:TotCst>164.67</ns:TotCst>
        </ns:Resource>
        <ns:Resource>
          <ns:ResCstID>CPF001</ns:ResCstID>
          <ns:TotCst>564.53</ns:TotCst>
        </ns:Resource>
      </ns:CstActivity>
    </ns:Activity>
    <ns:Activity>
      <ns:OrgId>RRK</ns:OrgId>
      <ns:PLEMI>CPE8019601314199459149148485731814069940161606-917</ns:PLEMI>
      <ns:CDSID>19872990113557522698137423315559994</ns:CDSID>
      <ns:NHSNo>6760800331</ns:NHSNo>
      <ns:NhsSt>05</ns:NhsSt>
      <ns:Postcd>W5 5PN</ns:Postcd>
      <ns:DoB>1964-10-08</ns:DoB>
      <ns:Gendr>2</ns:Gendr>
      <ns:PathId>84444695652426154186</ns:PathId>
      <ns:PatOrgId>wVf</ns:PatOrgId>
      <ns:Pod>CL</ns:Pod>
      <ns:AttID>552347397176</ns:AttID>
      <ns:AppDate>2021-08-03</ns:AppDate>
      <ns:AppTime>01:12:18</ns:AppTime>
      <ns:Tfc>264</ns:Tfc>
      <ns:CFBand/>
      <ns:WhActTyp>WCC29</ns:WhActTyp>
      <ns:PartCost>01</ns:PartCost>
      <ns:HRG>EC12C</ns:HRG>
      <ns:CstActivity>
        <ns:ActCstID>DIM010</ns:ActCstID>
        <ns:ActCnt>1071</ns:ActCnt>
        <ns:Resource>
          <ns:ResCstID>CPF022</ns:ResCstID>
          <ns:TotCst>538.98</ns:TotCst>
        </ns:Resource>
      </ns:CstActivity>
      <ns:CstActivity>
        <ns:ActCstID>OUT006</ns:ActCstID>
        <ns:ActCnt>5908</ns:ActCnt>
        <ns:Resource>
          <ns:ResCstID>CPF001</ns:ResCstID>
          <ns:TotCst>541.18</ns:TotCst>
        </ns:Resource>
        <ns:Resource>
          <ns:ResCstID>CSC006</ns:ResCstID>
          <ns:TotCst>3.10</ns:TotCst>
        </ns:Resource>
      </ns:CstActivity>
    </ns:Activity>
    <ns:Activity>
      <ns:OrgId>RRK</ns:OrgId>
      <ns:PLEMI>WXT8005694434345415371787445483473517923871581-824</ns:PLEMI>
      <ns:CDSID>37232133763110537112693321379504102</ns:CDSID>
      <ns:NHSNo>6693585311</ns:NHSNo>
      <ns:NhsSt>07</ns:NhsSt>
      <ns:Postcd>CW4H 3EB</ns:Postcd>
      <ns:DoB>1943-02-10</ns:DoB>
      <ns:Gendr>9</ns:Gendr>
      <ns:PathId>61566811315879261149</ns:PathId>
      <ns:PatOrgId/>
      <ns:Pod>CL</ns:Pod>
      <ns:AttID>676531017182</ns:AttID>
      <ns:AppDate>2021-05-25</ns:AppDate>
      <ns:AppTime>19:10:26</ns:AppTime>
      <ns:Tfc>840</ns:Tfc>
      <ns:CFBand/>
      <ns:WhActTyp>WCC01</ns:WhActTyp>
      <ns:PartCost>01</ns:PartCost>
      <ns:HRG>CA54A</ns:HRG>
      <ns:CstActivity>
        <ns:ActCstID>PHA008</ns:ActCstID>
        <ns:ActCnt>6692</ns:ActCnt>
        <ns:Resource>
          <ns:ResCstID>CPF032</ns:ResCstID>
          <ns:TotCst>942.68</ns:TotCst>
        </ns:Resource>
        <ns:Resource>
          <ns:ResCstID>CPF032</ns:ResCstID>
          <ns:TotCst>416.02</ns:TotCst>
        </ns:Resource>
        <ns:Resource>
          <ns:ResCstID>CSC008</ns:ResCstID>
          <ns:TotCst>928.09</ns:TotCst>
        </ns:Resource>
      </ns:CstActivity>
    </ns:Activity>
    <ns:Activity>
      <ns:OrgId>RRK</ns:OrgId>
      <ns:PLEMI>FXO0372104803085689748270281651379944839478157-398</ns:PLEMI>
      <ns:CDSID>36289986401406470685893509125132329</ns:CDSID>
      <ns:NHSNo>6254798937</ns:NHSNo>
      <ns:NhsSt>05</ns:NhsSt>
      <ns:Postcd>PO77 5BG</ns:Postcd>
      <ns:DoB>1997-10-02</ns:DoB>
      <ns:Gendr/>
      <ns:PathId>54174600130382649334</ns:PathId>
      <ns:PatOrgId>ch4</ns:PatOrgId>
      <ns:Pod>OPROC</ns:Pod>
      <ns:AttID>172133974583</ns:AttID>
      <ns:AppDate>2021-06-01</ns:AppDate>
      <ns:AppTime>11:49:23</ns:AppTime>
      <ns:Tfc>361</ns:Tfc>
      <ns:CFBand>3</ns:CFBand>
      <ns:WhActTyp>WCC02</ns:WhActTyp>
      <ns:PartCost>01</ns:PartCost>
      <ns:HRG>WH54B</ns:HRG>
      <ns:CstActivity>
        <ns:ActCstID>PAT004</ns:ActCstID>
        <ns:ActCnt>6702</ns:ActCnt>
        <ns:Resource>
          <ns:ResCstID>CPF022</ns:ResCstID>
          <ns:TotCst>329.00</ns:TotCst>
        </ns:Resource>
        <ns:Resource>
          <ns:ResCstID>CPF022</ns:ResCstID>
          <ns:TotCst>726.40</ns:TotCst>
        </ns:Resource>
      </ns:CstActivity>
      <ns:CstActivity>
        <ns:ActCstID>DIM011</ns:ActCstID>
        <ns:ActCnt>2685</ns:ActCnt>
        <ns:Resource>
          <ns:ResCstID>CPF031</ns:ResCstID>
          <ns:TotCst>72.84</ns:TotCst>
        </ns:Resource>
        <ns:Resource>
          <ns:ResCstID>CSC005</ns:ResCstID>
          <ns:TotCst>162.39</ns:TotCst>
        </ns:Resource>
      </ns:CstActivity>
    </ns:Activity>
    <ns:Activity>
      <ns:OrgId>RRK</ns:OrgId>
      <ns:PLEMI>TSX0826286916533488195788186372619624076163204-924</ns:PLEMI>
      <ns:CDSID>79465696167306315296919140345182155</ns:CDSID>
      <ns:NHSNo>1478717916</ns:NHSNo>
      <ns:NhsSt/>
      <ns:Postcd>DY8 8DR</ns:Postcd>
      <ns:DoB>1952-03-17</ns:DoB>
      <ns:Gendr>x</ns:Gendr>
      <ns:PathId>10706742613617697346</ns:PathId>
      <ns:PatOrgId>n3W9k</ns:PatOrgId>
      <ns:Pod>NCL</ns:Pod>
      <ns:AttID>574018760539</ns:AttID>
      <ns:AppDate>2022-03-01</ns:AppDate>
      <ns:AppTime>06:24:55</ns:AppTime>
      <ns:Tfc>109</ns:Tfc>
      <ns:CFBand>3</ns:CFBand>
      <ns:WhActTyp>WCC24</ns:WhActTyp>
      <ns:PartCost>01</ns:PartCost>
      <ns:HRG>FF43Z</ns:HRG>
      <ns:CstActivity>
        <ns:ActCstID>SPS001</ns:ActCstID>
        <ns:ActCnt>5751</ns:ActCnt>
        <ns:Resource>
          <ns:ResCstID>CSC005</ns:ResCstID>
          <ns:TotCst>888.57</ns:TotCst>
        </ns:Resource>
      </ns:CstActivity>
      <ns:CstActivity>
        <ns:ActCstID>THR001</ns:ActCstID>
        <ns:ActCnt>9453</ns:ActCnt>
        <ns:Resource>
          <ns:ResCstID>CPF017</ns:ResCstID>
          <ns:TotCst>43.50</ns:TotCst>
        </ns:Resource>
        <ns:Resource>
          <ns:ResCstID>CPF010</ns:ResCstID>
          <ns:TotCst>542.36</ns:TotCst>
        </ns:Resource>
        <ns:Resource>
          <ns:ResCstID>CPF010</ns:ResCstID>
          <ns:TotCst>918.67</ns:TotCst>
        </ns:Resource>
      </ns:CstActivity>
      <ns:CstActivity>
        <ns:ActCstID>DIM006</ns:ActCstID>
        <ns:ActCnt>160</ns:ActCnt>
        <ns:Resource>
          <ns:ResCstID>CPF005</ns:ResCstID>
          <ns:TotCst>209.38</ns:TotCst>
        </ns:Resource>
        <ns:Resource>
          <ns:ResCstID>CSC006</ns:ResCstID>
          <ns:TotCst>455.75</ns:TotCst>
        </ns:Resource>
      </ns:CstActivity>
    </ns:Activity>
    <ns:Activity>
      <ns:OrgId>RRK</ns:OrgId>
      <ns:PLEMI>WQE2556191604524886645708715602685846243511423-864</ns:PLEMI>
      <ns:CDSID>98103908243463227028738501683821210</ns:CDSID>
      <ns:NHSNo>9045681527</ns:NHSNo>
      <ns:NhsSt>04</ns:NhsSt>
      <ns:Postcd>E3 1NX</ns:Postcd>
      <ns:DoB>1989-11-28</ns:DoB>
      <ns:Gendr>2</ns:Gendr>
      <ns:PathId>81087628083451659395</ns:PathId>
      <ns:PatOrgId>jbbnp</ns:PatOrgId>
      <ns:Pod>OPROC</ns:Pod>
      <ns:AttID>108027354898</ns:AttID>
      <ns:AppDate>2021-05-15</ns:AppDate>
      <ns:AppTime>06:37:45</ns:AppTime>
      <ns:Tfc>460</ns:Tfc>
      <ns:CFBand>1</ns:CFBand>
      <ns:WhActTyp>WCC24</ns:WhActTyp>
      <ns:PartCost>01</ns:PartCost>
      <ns:HRG>WF02C</ns:HRG>
      <ns:CstActivity>
        <ns:ActCstID>DIM007</ns:ActCstID>
        <ns:ActCnt>8550</ns:ActCnt>
        <ns:Resource>
          <ns:ResCstID>CPF001</ns:ResCstID>
          <ns:TotCst>318.40</ns:TotCst>
        </ns:Resource>
        <ns:Resource>
          <ns:ResCstID>CPF022</ns:ResCstID>
          <ns:TotCst>152.79</ns:TotCst>
        </ns:Resource>
        <ns:Resource>
          <ns:ResCstID>CPF022</ns:ResCstID>
          <ns:TotCst>979.83</ns:TotCst>
        </ns:Resource>
      </ns:CstActivity>
      <ns:CstActivity>
        <ns:ActCstID>DIM002</ns:ActCstID>
        <ns:ActCnt>9360</ns:ActCnt>
        <ns:Resource>
          <ns:ResCstID>CPF002</ns:ResCstID>
          <ns:TotCst>982.74</ns:TotCst>
        </ns:Resource>
        <ns:Resource>
          <ns:ResCstID>CPF032</ns:ResCstID>
          <ns:TotCst>39.39</ns:TotCst>
        </ns:Resource>
      </ns:CstActivity>
      <ns:CstActivity>
        <ns:ActCstID>DIM001</ns:ActCstID>
        <ns:ActCnt>6750</ns:ActCnt>
        <ns:Resource>
          <ns:ResCstID>CSC006</ns:ResCstID>
          <ns:TotCst>391.45</ns:TotCst>
        </ns:Resource>
        <ns:Resource>
          <ns:ResCstID>CSC004</ns:ResCstID>
          <ns:TotCst>354.95</ns:TotCst>
        </ns:Resource>
        <ns:Resource>
          <ns:ResCstID>CPF010</ns:ResCstID>
          <ns:TotCst>154.20</ns:TotCst>
        </ns:Resource>
      </ns:CstActivity>
    </ns:Activity>
    <ns:Activity>
      <ns:OrgId>RRK</ns:OrgId>
      <ns:PLEMI>MVR4267826622236985311735759205776795829482975-220</ns:PLEMI>
      <ns:CDSID>88420259029559583450136338190755518</ns:CDSID>
      <ns:NHSNo>1553995284</ns:NHSNo>
      <ns:NhsSt>01</ns:NhsSt>
      <ns:Postcd>HR0 4GF</ns:Postcd>
      <ns:DoB>1928-04-19</ns:DoB>
      <ns:Gendr>X</ns:Gendr>
      <ns:PathId>86715699765696268079</ns:PathId>
      <ns:PatOrgId/>
      <ns:Pod>OPROC</ns:Pod>
      <ns:AttID>937662258918</ns:AttID>
      <ns:AppDate>2021-09-22</ns:AppDate>
      <ns:AppTime>03:42:17</ns:AppTime>
      <ns:Tfc>451</ns:Tfc>
      <ns:CFBand>2</ns:CFBand>
      <ns:WhActTyp>WCC19</ns:WhActTyp>
      <ns:PartCost>02</ns:PartCost>
      <ns:HRG>ED05Z</ns:HRG>
      <ns:CstActivity>
        <ns:ActCstID>GRP001</ns:ActCstID>
        <ns:ActCnt>3073</ns:ActCnt>
        <ns:Resource>
          <ns:ResCstID>CPF011</ns:ResCstID>
          <ns:TotCst>996.19</ns:TotCst>
        </ns:Resource>
        <ns:Resource>
          <ns:ResCstID>CPF002</ns:ResCstID>
          <ns:TotCst>109.30</ns:TotCst>
        </ns:Resource>
      </ns:CstActivity>
    </ns:Activity>
    <ns:Activity>
      <ns:OrgId>RRK</ns:OrgId>
      <ns:PLEMI>BSA1050033597475077161551038616692365791775519-636</ns:PLEMI>
      <ns:CDSID>89826259626199500747549342118340267</ns:CDSID>
      <ns:NHSNo>2429694690</ns:NHSNo>
      <ns:NhsSt>07</ns:NhsSt>
      <ns:Postcd>DA51 8TH</ns:Postcd>
      <ns:DoB>2019-01-10</ns:DoB>
      <ns:Gendr>x</ns:Gendr>
      <ns:PathId>36234262823504315731</ns:PathId>
      <ns:PatOrgId>zoTO</ns:PatOrgId>
      <ns:Pod>OPROC</ns:Pod>
      <ns:AttID>246238684823</ns:AttID>
      <ns:AppDate>2021-10-28</ns:AppDate>
      <ns:AppTime>22:00:32</ns:AppTime>
      <ns:Tfc>660</ns:Tfc>
      <ns:CFBand>2</ns:CFBand>
      <ns:WhActTyp>WCC10</ns:WhActTyp>
      <ns:PartCost>01</ns:PartCost>
      <ns:HRG>CA37C</ns:HRG>
      <ns:CstActivity>
        <ns:ActCstID>SPS003</ns:ActCstID>
        <ns:ActCnt>233</ns:ActCnt>
        <ns:Resource>
          <ns:ResCstID>CPF032</ns:ResCstID>
          <ns:TotCst>78.46</ns:TotCst>
        </ns:Resource>
      </ns:CstActivity>
      <ns:CstActivity>
        <ns:ActCstID>OUT003</ns:ActCstID>
        <ns:ActCnt>6597</ns:ActCnt>
        <ns:Resource>
          <ns:ResCstID>CPF032</ns:ResCstID>
          <ns:TotCst>624.29</ns:TotCst>
        </ns:Resource>
        <ns:Resource>
          <ns:ResCstID>CPF010</ns:ResCstID>
          <ns:TotCst>76.05</ns:TotCst>
        </ns:Resource>
        <ns:Resource>
          <ns:ResCstID>CPF010</ns:ResCstID>
          <ns:TotCst>3.60</ns:TotCst>
        </ns:Resource>
        <ns:Resource>
          <ns:ResCstID>CPF005</ns:ResCstID>
          <ns:TotCst>7.83</ns:TotCst>
        </ns:Resource>
      </ns:CstActivity>
    </ns:Activity>
    <ns:Activity>
      <ns:OrgId>RRK</ns:OrgId>
      <ns:PLEMI>KXB8611444079738064785064439622460804355660214-811</ns:PLEMI>
      <ns:CDSID>96543978315027919036089774177550005</ns:CDSID>
      <ns:NHSNo>4812083986</ns:NHSNo>
      <ns:NhsSt>03</ns:NhsSt>
      <ns:Postcd>G6B 7AR</ns:Postcd>
      <ns:DoB>2001-11-01</ns:DoB>
      <ns:Gendr/>
      <ns:PathId>31704949250823094621</ns:PathId>
      <ns:PatOrgId>avTT1</ns:PatOrgId>
      <ns:Pod>CL</ns:Pod>
      <ns:AttID>519805702172</ns:AttID>
      <ns:AppDate>2022-03-19</ns:AppDate>
      <ns:AppTime>08:40:38</ns:AppTime>
      <ns:Tfc>321</ns:Tfc>
      <ns:CFBand>1A</ns:CFBand>
      <ns:WhActTyp>WCC13</ns:WhActTyp>
      <ns:PartCost>02</ns:PartCost>
      <ns:HRG>GA04D</ns:HRG>
      <ns:CstActivity>
        <ns:ActCstID>DIM003</ns:ActCstID>
        <ns:ActCnt>2701</ns:ActCnt>
        <ns:Resource>
          <ns:ResCstID>CPF024</ns:ResCstID>
          <ns:TotCst>327.20</ns:TotCst>
        </ns:Resource>
        <ns:Resource>
          <ns:ResCstID>CPF010</ns:ResCstID>
          <ns:TotCst>193.07</ns:TotCst>
        </ns:Resource>
      </ns:CstActivity>
      <ns:CstActivity>
        <ns:ActCstID>GRP001</ns:ActCstID>
        <ns:ActCnt>2065</ns:ActCnt>
        <ns:Resource>
          <ns:ResCstID>CSC004</ns:ResCstID>
          <ns:TotCst>972.63</ns:TotCst>
        </ns:Resource>
        <ns:Resource>
          <ns:ResCstID>CSC006</ns:ResCstID>
          <ns:TotCst>537.92</ns:TotCst>
        </ns:Resource>
        <ns:Resource>
          <ns:ResCstID>CSC004</ns:ResCstID>
          <ns:TotCst>235.83</ns:TotCst>
        </ns:Resource>
      </ns:CstActivity>
      <ns:CstActivity>
        <ns:ActCstID>WRD001</ns:ActCstID>
        <ns:ActCnt>461</ns:ActCnt>
        <ns:Resource>
          <ns:ResCstID>CPF030</ns:ResCstID>
          <ns:TotCst>124.17</ns:TotCst>
        </ns:Resource>
        <ns:Resource>
          <ns:ResCstID>CPF031</ns:ResCstID>
          <ns:TotCst>871.04</ns:TotCst>
        </ns:Resource>
      </ns:CstActivity>
    </ns:Activity>
    <ns:Activity>
      <ns:OrgId>RRK</ns:OrgId>
      <ns:PLEMI>DJR6638868657646913598860689613042107763746453-115</ns:PLEMI>
      <ns:CDSID>22816959074835083602861280391220097</ns:CDSID>
      <ns:NHSNo>8611284890</ns:NHSNo>
      <ns:NhsSt>02</ns:NhsSt>
      <ns:Postcd>S2 3ZD</ns:Postcd>
      <ns:DoB>1970-01-26</ns:DoB>
      <ns:Gendr/>
      <ns:PathId>5473174096095136897</ns:PathId>
      <ns:PatOrgId/>
      <ns:Pod>NCL</ns:Pod>
      <ns:AttID>610840508245</ns:AttID>
      <ns:AppDate>2021-08-13</ns:AppDate>
      <ns:AppTime>06:42:26</ns:AppTime>
      <ns:Tfc>301</ns:Tfc>
      <ns:CFBand>2A</ns:CFBand>
      <ns:WhActTyp>WCC25</ns:WhActTyp>
      <ns:PartCost>02</ns:PartCost>
      <ns:HRG>LB74Z</ns:HRG>
      <ns:CstActivity>
        <ns:ActCstID>DIM007</ns:ActCstID>
        <ns:ActCnt>2024</ns:ActCnt>
        <ns:Resource>
          <ns:ResCstID>CPF011</ns:ResCstID>
          <ns:TotCst>134.50</ns:TotCst>
        </ns:Resource>
        <ns:Resource>
          <ns:ResCstID>CPF023</ns:ResCstID>
          <ns:TotCst>718.39</ns:TotCst>
        </ns:Resource>
        <ns:Resource>
          <ns:ResCstID>CPF024</ns:ResCstID>
          <ns:TotCst>645.89</ns:TotCst>
        </ns:Resource>
      </ns:CstActivity>
    </ns:Activity>
    <ns:Activity>
      <ns:OrgId>RRK</ns:OrgId>
      <ns:PLEMI>OIJ4309508270187087570948303180422344920203299-249</ns:PLEMI>
      <ns:CDSID>40707301825271721208849498637523963</ns:CDSID>
      <ns:NHSNo>2786730729</ns:NHSNo>
      <ns:NhsSt>04</ns:NhsSt>
      <ns:Postcd>W8E 7LZ</ns:Postcd>
      <ns:DoB>1928-05-04</ns:DoB>
      <ns:Gendr>2</ns:Gendr>
      <ns:PathId>66967658185300965378</ns:PathId>
      <ns:PatOrgId>KuCYw</ns:PatOrgId>
      <ns:Pod>CL</ns:Pod>
      <ns:AttID>45324616939</ns:AttID>
      <ns:AppDate>2021-12-20</ns:AppDate>
      <ns:AppTime>20:10:02</ns:AppTime>
      <ns:Tfc>251</ns:Tfc>
      <ns:CFBand>1</ns:CFBand>
      <ns:WhActTyp>WCC30</ns:WhActTyp>
      <ns:PartCost>01</ns:PartCost>
      <ns:HRG>CA13B</ns:HRG>
      <ns:CstActivity>
        <ns:ActCstID>DIM006</ns:ActCstID>
        <ns:ActCnt>9546</ns:ActCnt>
        <ns:Resource>
          <ns:ResCstID>CPF001</ns:ResCstID>
          <ns:TotCst>331.64</ns:TotCst>
        </ns:Resource>
        <ns:Resource>
          <ns:ResCstID>CSC004</ns:ResCstID>
          <ns:TotCst>686.49</ns:TotCst>
        </ns:Resource>
        <ns:Resource>
          <ns:ResCstID>CPF011</ns:ResCstID>
          <ns:TotCst>492.75</ns:TotCst>
        </ns:Resource>
        <ns:Resource>
          <ns:ResCstID>CPF001</ns:ResCstID>
          <ns:TotCst>344.50</ns:TotCst>
        </ns:Resource>
      </ns:CstActivity>
      <ns:CstActivity>
        <ns:ActCstID>OUT001</ns:ActCstID>
        <ns:ActCnt>3020</ns:ActCnt>
        <ns:Resource>
          <ns:ResCstID>CSC004</ns:ResCstID>
          <ns:TotCst>384.25</ns:TotCst>
        </ns:Resource>
        <ns:Resource>
          <ns:ResCstID>CPF023</ns:ResCstID>
          <ns:TotCst>749.62</ns:TotCst>
        </ns:Resource>
        <ns:Resource>
          <ns:ResCstID>CPF001</ns:ResCstID>
          <ns:TotCst>591.41</ns:TotCst>
        </ns:Resource>
        <ns:Resource>
          <ns:ResCstID>CPF029</ns:ResCstID>
          <ns:TotCst>269.54</ns:TotCst>
        </ns:Resource>
      </ns:CstActivity>
      <ns:CstActivity>
        <ns:ActCstID>SPS004</ns:ActCstID>
        <ns:ActCnt>5741</ns:ActCnt>
        <ns:Resource>
          <ns:ResCstID>CPF017</ns:ResCstID>
          <ns:TotCst>304.86</ns:TotCst>
        </ns:Resource>
        <ns:Resource>
          <ns:ResCstID>CPF005</ns:ResCstID>
          <ns:TotCst>566.67</ns:TotCst>
        </ns:Resource>
      </ns:CstActivity>
    </ns:Activity>
    <ns:Activity>
      <ns:OrgId>RRK</ns:OrgId>
      <ns:PLEMI>QNJ0581717454391009657750272221535315561487014-667</ns:PLEMI>
      <ns:CDSID>8824298094693646284694424539107353</ns:CDSID>
      <ns:NHSNo>3034876973</ns:NHSNo>
      <ns:NhsSt>07</ns:NhsSt>
      <ns:Postcd>LU4M 5HL</ns:Postcd>
      <ns:DoB>1931-03-12</ns:DoB>
      <ns:Gendr>2</ns:Gendr>
      <ns:PathId>98699798336936784020</ns:PathId>
      <ns:PatOrgId>M75j</ns:PatOrgId>
      <ns:Pod>NCL</ns:Pod>
      <ns:AttID>156453780134</ns:AttID>
      <ns:AppDate>2022-01-13</ns:AppDate>
      <ns:AppTime>21:09:54</ns:AppTime>
      <ns:Tfc>140</ns:Tfc>
      <ns:CFBand>1A</ns:CFBand>
      <ns:WhActTyp>WCC22</ns:WhActTyp>
      <ns:PartCost>02</ns:PartCost>
      <ns:HRG>SA21A</ns:HRG>
      <ns:CstActivity>
        <ns:ActCstID>ODT002</ns:ActCstID>
        <ns:ActCnt>5956</ns:ActCnt>
        <ns:Resource>
          <ns:ResCstID>CPF002</ns:ResCstID>
          <ns:TotCst>320.64</ns:TotCst>
        </ns:Resource>
      </ns:CstActivity>
      <ns:CstActivity>
        <ns:ActCstID>OUT003</ns:ActCstID>
        <ns:ActCnt>2911</ns:ActCnt>
        <ns:Resource>
          <ns:ResCstID>CPF023</ns:ResCstID>
          <ns:TotCst>905.65</ns:TotCst>
        </ns:Resource>
        <ns:Resource>
          <ns:ResCstID>CPF032</ns:ResCstID>
          <ns:TotCst>642.96</ns:TotCst>
        </ns:Resource>
        <ns:Resource>
          <ns:ResCstID>CPF017</ns:ResCstID>
          <ns:TotCst>749.65</ns:TotCst>
        </ns:Resource>
      </ns:CstActivity>
      <ns:CstActivity>
        <ns:ActCstID>DEV001</ns:ActCstID>
        <ns:ActCnt>3234</ns:ActCnt>
        <ns:Resource>
          <ns:ResCstID>CPF031</ns:ResCstID>
          <ns:TotCst>825.22</ns:TotCst>
        </ns:Resource>
      </ns:CstActivity>
    </ns:Activity>
  </ns:MessageBody>
</ns:HCDSExtract>
