<?xml version='1.0' encoding='utf-8'?><ns:HCDSExtract xmlns:xsi="http://www.w3.org/2001/XMLSchema-instance"
                                                      xmlns:ns="http://Improvement.nhs.uk/HealthcareCostingDataSet/v1.12-2122">
  <ns:MessageHeader>
    <ns:OrgSubmittingID>BRK01</ns:OrgSubmittingID>
    <ns:FinYr>FY2021-22</ns:FinYr>
    <ns:PeriodStartDate>2021-09-01</ns:PeriodStartDate>
    <ns:PeriodEndDate>2021-09-30</ns:PeriodEndDate>
    <ns:CreateDateTime>2022-05-03T14:35:00</ns:CreateDateTime>
    <ns:FeedType>SI</ns:FeedType>
    <ns:NoOfActivityRecords>5</ns:NoOfActivityRecords>
    <ns:TotalCosts>3268.66</ns:TotalCosts>
  </ns:MessageHeader>
  <ns:MessageBody>
    <ns:Activity>
      <ns:OrgId>BRK</ns:OrgId>
      <ns:PLEMI>A</ns:PLEMI>
      <ns:UnActDate>2021-04-01</ns:UnActDate>
      <ns:CSIU>1</ns:CSIU>
      <ns:UnCur>PHCD00001</ns:UnCur>
      <ns:CstActivity>
        <ns:ActCstID>ODT005</ns:ActCstID>
        <ns:ActCnt>5487</ns:ActCnt>
        <ns:Resource>
          <ns:ResCstID>CPF005</ns:ResCstID>
          <ns:TotCst>516.24</ns:TotCst>
        </ns:Resource>
      </ns:CstActivity>
    </ns:Activity>
    <ns:Activity>
      <ns:OrgId>BRK1</ns:OrgId>
      <ns:PLEMI>ABC</ns:PLEMI>
      <ns:UnActDate>2021-07-20</ns:UnActDate>
      <ns:CSIU>2</ns:CSIU>
      <ns:UnCur>PHCD00036</ns:UnCur>
      <ns:CstActivity>
        <ns:ActCstID>ODT007</ns:ActCstID>
        <ns:ActCnt>5053</ns:ActCnt>
        <ns:Resource>
          <ns:ResCstID>CPF010</ns:ResCstID>
          <ns:TotCst>966.65</ns:TotCst>
        </ns:Resource>
      </ns:CstActivity>
    </ns:Activity>
    <ns:Activity>
      <ns:OrgId>BRK01</ns:OrgId>
      <ns:PLEMI>ABD123</ns:PLEMI>
      <ns:UnActDate>2022-03-31</ns:UnActDate>
      <ns:CSIU>3</ns:CSIU>
      <ns:UnCur>PHCD00170</ns:UnCur>
      <ns:CstActivity>
        <ns:ActCstID>DIM006</ns:ActCstID>
        <ns:ActCnt>752</ns:ActCnt>
        <ns:Resource>
          <ns:ResCstID>CPF029</ns:ResCstID>
          <ns:TotCst>973.41</ns:TotCst>
        </ns:Resource>
      </ns:CstActivity>
    </ns:Activity>
    <ns:Activity>
      <ns:OrgId>BRK01</ns:OrgId>
      <ns:PLEMI>ABC-@/:</ns:PLEMI>
      <ns:UnActDate>2021-07-20</ns:UnActDate>
      <ns:CSIU>4</ns:CSIU>
      <ns:UnCur>PSCD084</ns:UnCur>
      <ns:CstActivity>
        <ns:ActCstID>ODT006</ns:ActCstID>
        <ns:ActCnt>1234567890</ns:ActCnt>
        <ns:Resource>
          <ns:ResCstID>CPF023</ns:ResCstID>
          <ns:TotCst>702.29</ns:TotCst>
        </ns:Resource>
      </ns:CstActivity>
    </ns:Activity>
    <ns:Activity>
      <ns:OrgId>BRK01</ns:OrgId>
      <ns:PLEMI>ABC5678901234567890123456789012345678901234567890</ns:PLEMI>
      <ns:UnActDate>2021-07-20</ns:UnActDate>
      <ns:CSIU>5</ns:CSIU>
      <ns:UnCur>PSCD085</ns:UnCur>
      <ns:CstActivity>
        <ns:ActCstID>SPS001</ns:ActCstID>
        <ns:ActCnt>1282</ns:ActCnt>
        <ns:Resource>
          <ns:ResCstID>CSC008</ns:ResCstID>
          <ns:TotCst>731.40</ns:TotCst>
        </ns:Resource>
      </ns:CstActivity>
    </ns:Activity>
  </ns:MessageBody>
</ns:HCDSExtract>
