<?xml version='1.0' encoding='utf-8'?><ns:HCDSExtract xmlns:xsi="http://www.w3.org/2001/XMLSchema-instance"
                                                      xmlns:ns="http://Improvement.nhs.uk/HealthcareCostingDataSet/v1.12-2122">
  <ns:MessageHeader>
    <ns:OrgSubmittingID>BRK01</ns:OrgSubmittingID>
    <ns:FinYr>FY2021-22</ns:FinYr>
    <ns:PeriodStartDate>2021-09-01</ns:PeriodStartDate>
    <ns:PeriodEndDate>2021-09-30</ns:PeriodEndDate>
    <ns:CreateDateTime>2022-05-04T11:31:00</ns:CreateDateTime>
    <ns:FeedType>SWC</ns:FeedType>
    <ns:NoOfActivityRecords>5</ns:NoOfActivityRecords>
    <ns:TotalCosts>2235.89</ns:TotalCosts>
  </ns:MessageHeader>
  <ns:MessageBody>
    <ns:Activity>
      <ns:OrgId>BRK</ns:OrgId>
      <ns:PLEMI>A</ns:PLEMI>
      <ns:UnAct>ACC</ns:UnAct>
      <ns:CCLI>1</ns:CCLI>
      <ns:CCUF>01</ns:CCUF>
      <ns:UnActDate>2021-04-01</ns:UnActDate>
      <ns:CCPerType>1</ns:CCPerType>
      <ns:OrgsSupp>00</ns:OrgsSupp>
      <ns:UnHRG>XA01Z</ns:UnHRG>
      <ns:CstActivity>
        <ns:ActCstID>DIM006</ns:ActCstID>
        <ns:ActCnt>7306</ns:ActCnt>
        <ns:Resource>
          <ns:ResCstID>CPF011</ns:ResCstID>
          <ns:TotCst>848.88</ns:TotCst>
        </ns:Resource>
      </ns:CstActivity>
    </ns:Activity>
    <ns:Activity>
      <ns:OrgId>BRK1</ns:OrgId>
      <ns:PLEMI>ABC</ns:PLEMI>
      <ns:UnAct>PCC</ns:UnAct>
      <ns:CCLI>8</ns:CCLI>
      <ns:CCUF>11</ns:CCUF>
      <ns:UnActDate>2021-07-20</ns:UnActDate>
      <ns:CCPerType>2</ns:CCPerType>
      <ns:OrgsSupp>05</ns:OrgsSupp>
      <ns:UnHRG>XB01Z</ns:UnHRG>
      <ns:CstActivity>
        <ns:ActCstID>BLD001</ns:ActCstID>
        <ns:ActCnt>6801</ns:ActCnt>
        <ns:Resource>
          <ns:ResCstID>CSC006</ns:ResCstID>
          <ns:TotCst>284.25</ns:TotCst>
        </ns:Resource>
      </ns:CstActivity>
    </ns:Activity>
    <ns:Activity>
      <ns:OrgId>BRK01</ns:OrgId>
      <ns:PLEMI>ABD123</ns:PLEMI>
      <ns:UnAct>NCC</ns:UnAct>
      <ns:CCLI>1</ns:CCLI>
      <ns:CCUF>90</ns:CCUF>
      <ns:UnActDate>2022-03-31</ns:UnActDate>
      <ns:CCPerType>3</ns:CCPerType>
      <ns:OrgsSupp xsi:nil="true"/>
      <ns:UnHRG>XC01Z</ns:UnHRG>
      <ns:CstActivity>
        <ns:ActCstID>DIM006</ns:ActCstID>
        <ns:ActCnt>752</ns:ActCnt>
        <ns:Resource>
          <ns:ResCstID>CPF029</ns:ResCstID>
          <ns:TotCst>76.08</ns:TotCst>
        </ns:Resource>
      </ns:CstActivity>
    </ns:Activity>
    <ns:Activity>
      <ns:OrgId>BRK01</ns:OrgId>
      <ns:PLEMI>ABC-@/:</ns:PLEMI>
      <ns:UnAct>PCC</ns:UnAct>
      <ns:CCLI>8</ns:CCLI>
      <ns:CCUF>92</ns:CCUF>
      <ns:UnActDate>2021-07-20</ns:UnActDate>
      <ns:CCPerType>4</ns:CCPerType>
      <ns:UnHRG>XC06Z</ns:UnHRG>
      <ns:CstActivity>
        <ns:ActCstID>OUT001</ns:ActCstID>
        <ns:ActCnt>1234567890</ns:ActCnt>
        <ns:Resource>
          <ns:ResCstID>CPF029</ns:ResCstID>
          <ns:TotCst>702.29</ns:TotCst>
        </ns:Resource>
      </ns:CstActivity>
    </ns:Activity>
    <ns:Activity>
      <ns:OrgId>BRK01</ns:OrgId>
      <ns:PLEMI>ABC5678901234567890123456789012345678901234567890</ns:PLEMI>
      <ns:UnAct>NCC</ns:UnAct>
      <ns:CCLI>1</ns:CCLI>
      <ns:CCUF>27</ns:CCUF>
      <ns:UnActDate>2021-07-20</ns:UnActDate>
      <ns:CCPerType>4</ns:CCPerType>
      <ns:OrgsSupp></ns:OrgsSupp>
      <ns:UnHRG>UZ01Z</ns:UnHRG>
      <ns:CstActivity>
        <ns:ActCstID>DIM007</ns:ActCstID>
        <ns:ActCnt>598</ns:ActCnt>
        <ns:Resource>
          <ns:ResCstID>CSC008</ns:ResCstID>
          <ns:TotCst>594.41</ns:TotCst>
        </ns:Resource>
      </ns:CstActivity>
    </ns:Activity>
  </ns:MessageBody>
</ns:HCDSExtract>
